#HOLE:,940a
#LEG:,155
#TOP:,62.179199
#BOTTOM:,231.800400
DEPTH_WMSF,SGR,CGR,THOR,URAN,POTA,W1NG,W2NG,W3NG,W4NG,W5NG
m,gAPI,gAPI,ppm,ppm,%,cps,cps,cps,cps,cps
62.1792,23.1972,2.3947,1.4141,2.3501,-0.1401,32.8793,16.9093,3.7576,1.8788,0.9394
62.3316,20.3421,1.4315,1.1121,2.1364,-0.1365,27.2556,20.6767,0.9398,0.0000,0.0000
62.4840,20.0649,4.2763,1.6064,1.7837,-0.0685,37.5940,19.7368,3.7594,2.8195,0.0000
62.6364,20.1147,9.9782,2.6507,1.1451,0.0571,48.8722,17.8571,6.5789,2.8195,1.8797
62.7888,19.6559,9.3750,2.5491,1.1615,0.0421,41.3534,14.0977,2.8195,0.0000,3.7594
62.9412,19.0745,8.8130,2.4566,1.1593,0.0276,45.0704,8.4507,4.6948,0.9390,0.9390
63.0936,17.3206,7.1873,2.0783,1.1448,0.0077,42.2734,18.7882,3.7576,2.8182,1.8788
63.2460,17.7583,7.3363,2.0597,1.1774,0.0201,21.5962,13.1455,5.6338,2.8169,1.8779
63.3984,17.2391,6.4453,1.7806,1.2194,0.0234,37.5235,24.3902,2.8143,0.0000,1.8762
63.5508,17.4031,6.3330,1.6627,1.2506,0.0401,46.0094,13.1455,1.8779,5.6338,0.0000
63.7032,16.5648,6.1093,1.4666,1.1812,0.0659,31.0150,14.0977,2.8195,0.0000,0.9398
63.8556,15.3332,5.8058,1.3188,1.0763,0.0774,37.5940,16.9173,3.7594,0.0000,1.8797
64.0080,16.8930,6.7253,1.5535,1.1487,0.0846,36.6541,12.2180,4.6992,0.9398,0.0000
64.1604,16.5072,6.9892,1.6236,1.0753,0.0861,44.0882,16.0321,3.0060,2.0040,1.0020
64.3128,16.5620,6.9844,1.5959,1.0820,0.0913,36.6197,15.0235,4.6948,0.0000,0.9390
64.4652,15.9498,6.3352,1.4048,1.0862,0.0913,37.5587,12.2066,5.6338,0.0000,0.0000
64.6176,16.6566,6.2837,1.3290,1.1719,0.1032,38.8864,15.9081,2.6513,0.8838,0.0000
64.7700,17.6683,7.1748,1.4342,1.1855,0.1343,43.2331,13.1579,4.6992,2.8195,0.0000
64.9224,16.8848,7.3413,1.4409,1.0782,0.1427,46.9925,15.0376,3.7594,1.8797,0.9398
65.0748,15.5721,7.7333,1.4571,0.8856,0.1623,34.1023,11.0331,6.0181,0.0000,1.0030
65.2272,14.9693,7.9612,1.4956,0.7917,0.1680,30.0469,15.0235,4.6948,1.8779,0.0000
65.3796,15.5137,8.2232,1.4932,0.8236,0.1837,35.3826,16.8067,5.3074,3.5383,0.8846
65.5320,16.0711,8.0271,1.4463,0.9087,0.1816,33.0496,19.0285,2.0030,3.0045,1.0015
65.6844,14.7647,7.1959,1.2551,0.8551,0.1710,34.7744,15.9774,2.8195,1.8797,1.8797
65.8368,15.0104,7.4825,1.2553,0.8504,0.1876,32.9102,10.3432,2.8209,0.0000,0.9403
65.9892,16.0744,8.1118,1.3825,0.8996,0.1991,37.5587,15.9624,5.6338,0.9390,0.9390
66.1416,16.9940,8.9254,1.5300,0.9115,0.2173,44.1729,16.9173,6.5789,0.0000,0.9398
66.2940,16.6415,9.5806,1.6623,0.7977,0.2294,38.4977,15.9624,1.8779,0.0000,0.9390
66.4464,16.2462,10.1841,1.7210,0.6848,0.2529,39.4366,11.2676,4.6948,0.0000,1.8779
66.5988,16.2138,10.1566,1.7032,0.6843,0.2548,32.8947,20.6767,4.6992,2.8195,3.7594
66.7512,17.2987,10.4937,1.7511,0.7688,0.2650,31.9699,22.5670,1.8806,0.0000,0.0000
66.9036,15.9214,9.8089,1.6207,0.6905,0.2509,47.8873,17.8404,0.9390,0.9390,0.9390
67.0560,15.8928,10.6400,1.7067,0.5934,0.2823,31.9849,9.4073,7.5259,1.8815,0.0000
67.2084,14.7115,10.4095,1.5918,0.4860,0.2916,37.5940,14.0977,6.5789,0.9398,0.0000
67.3608,15.2487,10.4555,1.5675,0.5415,0.2990,36.6541,19.7368,0.9398,0.0000,0.9398
67.5132,16.7479,10.6754,1.6048,0.6860,0.3045,37.5940,11.2782,7.5188,0.0000,0.0000
67.6656,16.4705,9.6841,1.5307,0.7667,0.2614,47.9098,21.6064,2.8182,0.9394,1.8788
67.8180,17.4112,9.8620,1.5961,0.8529,0.2588,32.8638,15.0235,4.6948,0.0000,0.9390
67.9704,15.1766,7.7801,1.3199,0.8356,0.1922,39.4366,21.5962,4.6948,0.0000,0.9390
68.1228,15.5130,7.5984,1.2579,0.8941,0.1939,32.8330,9.3809,2.8143,1.8762,0.0000
68.2752,13.1625,6.2851,1.0657,0.7770,0.1554,37.5587,15.9624,2.8169,0.0000,0.0000
68.4276,13.7311,7.0598,1.2292,0.7537,0.1682,21.5962,13.1455,4.6948,0.9390,0.0000
68.5800,13.8924,7.2904,1.3886,0.7458,0.1501,35.7143,14.0977,2.8195,0.9398,0.9398
68.7324,15.3503,7.5853,1.5493,0.8772,0.1355,36.7059,15.0588,2.8235,1.8824,0.9412
68.8848,15.4357,7.3627,1.5772,0.9120,0.1170,31.9549,18.7970,2.8195,0.9398,0.0000
69.0372,16.2815,7.4875,1.6705,0.9935,0.1058,33.7711,15.0094,2.8143,1.8762,0.9381
69.1896,16.9402,7.9238,1.7584,1.0186,0.1139,46.9484,13.1455,2.8169,0.9390,0.9390
69.3420,19.1368,8.3350,1.8847,1.2203,0.1129,40.3377,16.8856,1.8762,0.9381,0.9381
69.4944,19.0103,7.7911,1.7395,1.2675,0.1099,47.9323,22.5564,5.6391,0.0000,0.9398
69.6468,18.6192,7.4898,1.6856,1.2573,0.1030,34.7581,20.6670,3.7576,2.8182,1.8788
69.7992,17.1466,6.9403,1.5621,1.1530,0.0954,35.7143,15.9774,3.7594,0.0000,1.8797
69.9516,16.7249,7.4563,1.7395,1.0471,0.0904,37.5587,16.9014,2.8169,0.9390,2.8169
70.1040,16.5124,7.8616,1.8315,0.9773,0.0958,40.4135,11.2782,1.8797,3.7594,2.8195
70.2564,16.5559,9.1136,2.0577,0.8408,0.1240,35.6808,15.9624,2.8169,1.8779,0.0000
70.4088,16.1023,10.2566,2.1981,0.6604,0.1628,38.4977,21.5962,2.8169,0.9390,0.0000
70.5612,17.6853,13.3150,2.7057,0.4937,0.2406,35.6808,18.7793,1.8779,0.0000,1.8779
70.7136,18.1081,15.0782,2.9511,0.3423,0.2948,46.0310,28.1822,5.6364,0.0000,0.0000
70.8660,19.6958,17.1321,3.2016,0.2896,0.3649,47.9323,18.7970,5.6391,0.9398,1.8797
71.0184,20.3206,17.6149,3.2672,0.3057,0.3800,58.2707,19.7368,3.7594,0.9398,0.0000
71.1708,19.6938,17.5373,3.1836,0.2436,0.3920,59.1549,20.6573,10.3286,1.8779,0.0000
71.3232,19.1945,17.4016,3.1515,0.2025,0.3905,45.0704,21.5962,1.8779,0.9390,2.8169
71.4756,18.0378,16.7458,2.9093,0.1460,0.4001,50.7042,22.5352,4.6948,1.8779,0.0000
71.6280,21.7312,20.4499,3.3816,0.1447,0.5225,51.6674,21.6064,1.8788,0.9394,3.7576
71.7804,23.1025,22.6570,3.5919,0.0503,0.6095,78.8732,32.8638,8.4507,0.0000,1.8779
71.9328,31.0186,31.6147,4.8998,-0.0673,0.8726,57.1429,30.0752,8.0201,2.0050,3.0075
72.0852,37.8217,37.2663,5.7931,0.0628,1.0252,124.0602,40.4135,13.1579,2.8195,5.6391
72.2376,46.6410,44.1779,6.8573,0.2783,1.2173,141.7840,47.8873,12.2066,0.0000,3.7559
72.3900,52.8521,47.9184,7.4266,0.5574,1.3226,148.3568,46.0094,10.3286,1.8779,1.8779
72.5424,57.1924,53.2783,8.3712,0.4422,1.4480,179.2586,52.5575,19.7091,2.8156,2.8156
72.6948,62.2403,58.9920,9.4102,0.3670,1.5754,185.1504,52.6316,9.3985,3.7594,5.6391
72.8472,65.4628,62.9433,10.1050,0.2846,1.6682,176.6917,69.5489,17.8571,0.9398,3.7594
72.9996,64.1575,60.7016,9.7039,0.3904,1.6169,194.5489,64.8496,21.6165,4.6992,6.5789
73.1520,63.1170,58.2606,9.2776,0.5486,1.5590,154.9296,58.2160,15.9624,0.9390,2.8169
73.3044,65.0934,57.8174,9.2215,0.8220,1.5443,169.0141,51.6432,18.7793,1.8779,2.8169
73.4568,69.9391,60.8023,9.6470,1.0322,1.6340,199.1992,73.0731,22.0220,2.0020,6.0060
73.6092,72.4827,61.5350,9.6436,1.2368,1.6774,198.3083,56.3910,19.7368,4.6992,3.7594
73.7616,71.7995,59.6546,9.2315,1.3720,1.6493,175.7519,59.2105,19.7368,9.3985,2.8195
73.9140,70.7792,57.4614,8.8302,1.5046,1.6009,184.2105,68.6090,27.2556,3.7594,2.8195
74.0664,72.8192,58.9709,9.1379,1.5645,1.6280,176.5258,61.9718,16.9014,2.8169,4.6948
74.2188,72.2986,58.1841,9.0408,1.5946,1.6014,176.5258,72.3005,17.8404,4.6948,11.2676
74.3712,77.7260,61.4439,9.6225,1.8394,1.6762,187.8816,64.8192,14.0911,1.8788,0.9394
74.5236,82.2248,62.3608,9.7892,2.2441,1.6967,199.2481,81.7669,21.6165,2.8195,4.6992
74.6760,86.9371,63.7490,10.0968,2.6196,1.7167,193.4272,91.0798,20.6573,6.5728,4.6948
74.8284,88.7742,63.8778,10.1182,2.8126,1.7200,199.2481,73.3083,22.5564,7.5188,6.5789
74.9808,89.6281,63.2579,10.1046,2.9791,1.6866,215.0235,70.4225,25.3521,4.6948,2.8169
75.1332,89.9307,62.3324,10.0443,3.1179,1.6446,203.3050,76.1142,24.0361,4.0060,6.0090
75.2856,88.8303,60.1395,9.7859,3.2413,1.5680,199.1545,69.5162,23.4852,4.6970,2.8182
75.4380,89.7188,60.9453,10.0301,3.2506,1.5666,211.2676,57.2770,20.6573,2.8169,3.7559
75.5904,94.1225,63.4404,10.5187,3.4662,1.6154,222.7444,61.0902,20.6767,5.6391,4.6992
75.7428,97.3749,63.0331,10.4271,3.8797,1.6097,229.1080,72.3005,23.4742,4.6948,6.5728
75.8952,97.0285,60.4905,9.9460,4.1278,1.5568,215.0235,79.8122,18.7793,4.6948,3.7559
76.0476,93.3518,56.0655,9.2374,4.2123,1.4391,201.6886,83.4897,12.1951,2.8143,4.6904
76.2000,94.7791,57.5821,9.5942,4.2022,1.4569,195.4887,73.3083,18.7970,6.5789,3.7594
76.3524,94.2086,57.1209,9.3974,4.1899,1.4690,230.5882,71.5294,25.4118,4.7059,3.7647
76.5048,95.8567,58.4704,9.5460,4.2236,1.5182,190.4762,75.1880,27.0677,2.0050,5.0125
76.6572,92.3733,56.7930,9.3706,4.0196,1.4552,200.0000,80.7512,17.8404,6.5728,5.6338
76.8096,90.4033,57.0092,9.6996,3.7726,1.4027,200.9382,64.7890,20.6572,5.6338,3.7558
76.9620,90.8907,59.4127,10.3253,3.5562,1.4190,176.3595,72.2329,16.8854,6.5666,2.8142
77.1144,95.7554,62.6354,10.9698,3.7417,1.4793,194.6411,85.5665,18.8059,2.8209,6.5819
77.2668,99.4692,63.9403,11.3113,4.0138,1.4878,220.6570,83.5675,21.5962,4.6949,2.8169
77.4192,100.8594,63.6223,11.4248,4.2068,1.4468,210.3286,63.8501,18.7794,5.6338,2.8170
77.5716,100.2415,63.2092,11.4637,4.1836,1.4151,210.3296,74.1779,21.5961,5.6338,5.6337
77.7240,99.7809,64.2127,11.7338,4.0182,1.4201,241.5398,59.2110,15.9777,5.6391,3.7595
77.8764,97.6622,63.9032,11.6504,3.8138,1.4186,191.5493,74.1784,24.4131,5.6338,5.6338
78.0288,95.0939,62.1340,11.4795,3.7236,1.3494,191.7293,73.3083,30.0752,4.6992,1.8797
78.1812,95.9230,60.8815,11.3251,3.9587,1.3069,211.5656,66.7607,15.9850,5.6417,4.7015
78.3336,95.7850,60.2395,11.2378,4.0157,1.2868,201.8779,73.2394,16.9014,4.6948,12.2066
78.4860,98.1645,63.0393,11.6428,3.9682,1.3698,194.3662,72.3005,22.5352,3.7559,6.5728
78.6384,95.4688,62.0335,11.3312,3.7773,1.3728,216.9014,75.1174,27.2300,4.6948,6.5728
78.7908,99.1100,65.1207,11.7536,3.8399,1.4691,195.4887,68.1704,16.0401,6.0150,2.0050
78.9432,98.9177,64.9002,11.5864,3.8431,1.4893,224.5186,88.3044,16.9093,4.6970,7.5153
79.0956,99.3264,66.4074,11.7346,3.7189,1.5478,234.4095,62.8041,19.4604,7.9611,6.1920
79.2480,97.5924,66.0910,11.6040,3.5588,1.5552,184.0376,78.8732,19.7183,4.6948,4.6948
79.4004,93.7951,64.3843,11.1765,3.3226,1.5403,223.6842,73.3083,10.3383,3.7594,7.5188
79.5528,96.0917,65.8264,11.5358,3.4192,1.5533,209.3140,62.0931,20.0300,1.0015,1.0015
79.7052,93.8679,64.4076,11.4187,3.3282,1.4938,200.7505,76.9231,21.5760,6.5666,5.6285
79.8576,95.9734,63.8799,11.4462,3.6257,1.4576,201.1278,78.9474,10.3383,3.7594,1.8797
80.0100,93.0100,59.8361,10.7431,3.7477,1.3611,201.9728,67.6374,29.1217,3.7576,5.6364
80.1624,93.1583,55.9501,10.0726,4.2035,1.2673,180.4511,72.3684,15.0376,4.6992,4.6992
80.3148,89.2914,52.2905,9.3699,4.1801,1.1931,205.2189,65.4578,16.8067,3.5383,0.8846
80.4672,91.3375,52.5455,9.1949,4.3824,1.2426,181.2207,61.9718,22.5352,0.9390,2.8169
80.6196,94.8239,54.0340,9.1898,4.6081,1.3302,184.9765,82.6291,19.7183,5.6338,3.7559
80.7720,98.1091,54.6707,9.2830,4.9073,1.3489,215.2256,75.1880,22.5564,3.7594,4.6992
80.9244,102.4598,56.4619,9.5822,5.1965,1.3941,199.3418,64.8801,22.5670,5.6417,5.6417
81.0768,99.4736,54.9494,9.3979,5.0300,1.3424,227.2300,80.7512,19.7183,1.8779,3.7559
81.2292,100.4853,55.7995,9.4498,5.0483,1.3817,191.3696,71.2946,17.8236,7.5047,3.7523
81.3816,98.1245,56.4315,9.3526,4.7102,1.4377,191.0956,81.0405,20.0100,5.0025,8.0040
81.5340,98.1148,56.7894,9.2239,4.6686,1.4840,207.7068,84.5865,14.0977,4.6992,4.6992
81.6864,97.2921,57.1501,9.0674,4.5349,1.5359,190.7895,75.1880,18.7970,6.5789,5.6391
81.8388,94.9201,55.5986,8.8096,4.4423,1.4965,199.0610,75.1174,21.5962,3.7559,2.8169
81.9912,97.5320,58.6080,9.3771,4.3973,1.5596,195.3969,68.5768,24.4246,3.7576,0.9394
82.1436,97.8271,60.4864,9.8810,4.2185,1.5694,213.1455,80.7512,18.7793,3.7559,2.8169
82.2960,101.0299,63.1165,10.5834,4.2832,1.5837,189.6714,76.9953,23.4742,8.4507,4.6948
82.4484,100.1091,62.5001,10.5923,4.2488,1.5460,224.6241,69.5489,13.1579,6.5789,6.5789
82.6008,99.8374,60.8029,10.4942,4.4098,1.4666,206.0207,72.4365,21.6369,5.6444,6.5851
82.7532,97.7872,61.0887,10.6167,4.1459,1.4590,192.4883,75.1174,24.4131,2.8169,3.7559
82.9056,98.7804,63.4799,11.1376,3.9880,1.4953,202.1627,73.3427,20.6864,4.7015,3.7612
83.0580,100.4894,67.1121,11.5978,3.7707,1.6159,229.8311,70.3565,23.4522,0.0000,1.8762
83.2104,100.1166,66.8907,11.3462,3.7536,1.6527,215.9624,80.7512,18.7793,2.8169,2.8169
83.3628,98.3850,66.9875,11.0847,3.5471,1.7101,200.0000,69.4836,26.2911,5.6338,4.6948
83.5152,96.3984,67.9302,11.1814,3.2161,1.7458,212.4060,78.0075,16.9173,2.8195,3.7594
83.6676,97.2260,70.6575,11.6049,3.0015,1.8209,187.0301,77.0677,28.1955,5.6391,8.4586
83.8200,95.8117,71.6963,11.7039,2.7244,1.8619,201.9728,68.5768,27.2428,9.3941,7.5153
83.9724,98.1762,74.6170,11.8708,2.6615,1.9990,206.7669,72.3684,13.1579,4.6992,5.6391
84.1248,101.4386,77.1275,11.9774,2.7465,2.1241,231.7073,64.7280,24.3902,5.6285,3.7523
84.2772,98.6254,74.8919,11.4425,2.6812,2.0997,233.8028,79.8122,19.7183,8.4507,5.6338
84.4296,95.7658,72.6795,10.9776,2.6081,2.0627,183.2707,62.0301,17.8571,1.8797,10.3383
84.5820,91.8647,70.0460,10.6142,2.4649,1.9812,198.3083,78.0075,15.9774,3.7594,6.5789
84.7344,97.1449,72.8228,11.1692,2.7477,2.0332,192.4883,81.6901,26.2911,4.6948,1.8779
84.8868,96.3894,70.5439,10.9924,2.9198,1.9354,221.9088,76.1636,16.9252,2.8209,3.7612
85.0392,96.1407,70.3640,11.0581,2.9121,1.9119,189.2839,69.1037,27.0406,2.0030,4.0060
85.1916,98.7169,73.0132,11.3548,2.9038,2.0076,190.6103,71.3615,29.1080,5.6338,6.5728
85.3440,104.0121,77.5713,11.9428,2.9871,2.1568,228.3835,87.4060,26.3158,4.6992,2.8195
85.4964,103.8743,77.6044,11.7375,2.9678,2.1993,222.7444,84.5865,30.0752,4.6992,4.6992
85.6488,102.6282,76.8878,11.6532,2.9080,2.1742,195.3969,79.8497,24.4246,4.6970,3.7576
85.8012,98.0352,74.9597,11.3211,2.6069,2.1276,232.8638,87.3239,11.2676,2.8169,2.8169
85.9536,97.2916,73.6453,11.0724,2.6714,2.1002,202.6266,69.4184,26.2664,0.9381,4.6904
86.1060,92.9550,69.6014,10.2044,2.6383,2.0363,177.6316,89.2857,25.3759,2.8195,2.8195
86.2584,94.3686,70.2490,10.0832,2.7249,2.0980,203.9474,67.6692,15.9774,3.7594,3.7594
86.4108,95.0420,73.8005,10.4259,2.3997,2.2371,223.8946,68.6736,16.9332,6.5851,2.8222
86.5632,93.8215,75.7886,10.6688,2.0372,2.3048,197.5928,83.2497,23.0692,4.0120,3.0090
86.7156,92.6662,77.0441,10.7671,1.7649,2.3585,185.9155,69.4836,23.4742,4.6948,8.4507
86.8680,90.2209,75.1690,10.5146,1.7005,2.2992,216.9014,68.5446,26.2911,0.9390,3.7559
87.0204,90.5751,75.4396,10.5746,1.7099,2.3031,190.6103,76.9953,16.9014,5.6338,4.6948
87.1728,90.0746,75.8080,10.7390,1.6117,2.2921,209.3897,63.8498,17.8404,3.7559,5.6338
87.3252,94.7202,80.4469,11.5223,1.6125,2.4074,211.2676,73.2394,18.7793,6.5728,6.5728
87.4776,97.0621,82.4156,12.0594,1.6547,2.4159,231.0944,81.7285,20.6670,3.7576,4.6970
87.6300,93.9691,77.7987,11.6391,1.8268,2.2301,210.7244,81.8438,19.7554,3.7629,5.6444
87.7824,90.2891,73.3112,11.2590,1.9180,2.0439,183.4431,73.3772,19.7554,1.8815,3.7629
87.9348,89.4118,72.7365,11.3668,1.8839,1.9891,200.0000,72.3005,26.2911,0.9390,2.8169
88.0872,92.1820,76.0974,12.0722,1.8171,2.0454,210.3155,72.1082,24.0361,0.0000,7.0105
88.2396,89.9336,73.2862,11.7044,1.8807,1.9544,223.2645,60.9756,20.6379,0.9381,3.7523
88.3920,90.9565,71.5756,11.4538,2.1895,1.9043,186.0028,68.5768,20.6670,0.9394,3.7576
88.5444,88.1729,67.1124,10.6847,2.3793,1.7964,229.3233,70.4887,15.9774,4.6992,2.8195
88.6968,89.7092,67.9780,10.7281,2.4550,1.8382,178.7394,78.0809,17.8739,2.8222,3.7629
88.8492,87.3405,66.1284,10.2997,2.3964,1.8152,194.7319,69.6143,23.5183,2.8222,5.6444
89.0016,88.6497,67.6119,10.4245,2.3767,1.8769,200.1880,73.3083,15.0376,6.5789,4.6992
89.1540,89.9988,68.4832,10.4621,2.4307,1.9202,193.5181,78.9103,12.2123,2.8182,6.5759
89.3064,88.7500,66.2398,10.1081,2.5430,1.8596,216.9014,61.9718,24.4131,6.5728,0.9390
89.4588,92.4645,65.5179,10.1164,3.0442,1.8159,180.2817,76.9953,15.9624,4.6948,7.5117
89.6112,91.4269,59.5874,9.4763,3.5970,1.5970,227.2300,65.7277,17.8404,7.5117,6.5728
89.7636,94.6315,57.9902,9.4239,4.1395,1.5144,192.6692,71.4286,16.9173,3.7594,2.8195
89.9160,95.7229,54.4623,9.1340,4.6613,1.3662,205.8271,63.9098,23.4962,7.5188,3.7594
90.0684,99.4523,56.1916,9.5685,4.8873,1.3810,229.4589,68.1363,22.0441,1.0020,2.0040
90.2208,97.8034,55.4667,9.5784,4.7829,1.3369,213.3459,73.3083,20.6767,5.6391,3.7594
90.3732,93.2249,54.1102,9.2460,4.4189,1.3236,195.4887,66.7293,19.7368,1.8797,4.6992
90.5256,88.2654,53.0395,8.8737,3.9796,1.3348,187.0301,66.7293,18.7970,6.5789,4.6992
90.6780,89.4430,54.6699,8.8926,3.9284,1.4260,184.2105,67.6692,18.7970,1.8797,4.6992
90.8304,88.9044,57.4080,9.1766,3.5582,1.5293,211.3668,69.5162,16.9093,2.8182,2.8182
90.9828,88.4241,58.6139,9.1834,3.3677,1.5982,185.9155,67.6056,18.7793,6.5728,1.8779
91.1352,84.3752,58.7859,9.0582,2.8909,1.6330,186.8545,62.9108,18.7793,4.6948,1.8779
91.2876,85.2587,61.2755,9.2868,2.7094,1.7328,181.3910,55.4511,19.7368,8.4586,4.6992
91.4400,84.4774,63.5107,9.5710,2.3687,1.8068,192.6687,65.7894,29.1343,2.8198,3.7594
91.5924,89.5434,69.1517,10.4931,2.3037,1.9530,184.2124,63.9104,12.2186,6.5788,3.7596
91.7448,90.5562,71.7197,10.9398,2.1280,2.0143,214.1869,74.2139,20.6675,4.6969,6.5760
91.8972,92.6399,73.4555,11.2158,2.1673,2.0608,206.3790,64.7273,25.3283,3.7523,4.6903
92.0496,91.1871,73.9737,11.1344,1.9446,2.1071,206.7665,53.5728,24.4359,2.8195,1.8800
92.2020,90.5691,74.1347,11.0586,1.8566,2.1314,200.1871,75.1883,20.6768,1.8798,7.5186
92.3544,86.6712,72.2817,10.7551,1.6256,2.0835,185.1491,80.8250,22.5568,3.7595,3.7595
92.5068,84.5461,70.8261,10.6007,1.5500,2.0293,163.5356,46.9936,29.1347,5.6389,5.6390
92.6592,84.7467,72.4024,10.8659,1.3946,2.0687,192.4893,65.7275,18.7793,1.8780,4.6950
92.8116,90.0593,78.4638,11.7684,1.3100,2.2433,209.6842,63.0007,18.8059,2.8209,6.5820
92.9640,91.4863,79.9927,12.0988,1.2985,2.2670,196.2441,81.6895,20.6575,3.7559,5.6339
93.1164,90.6827,79.7479,12.0788,1.2353,2.2567,196.2447,71.3614,24.4127,3.7558,6.5725
93.2688,91.4911,79.7044,12.0314,1.3316,2.2635,205.6335,69.4846,17.8405,1.8780,2.8171
93.4212,93.5787,81.3746,12.1783,1.3787,2.3317,201.1286,86.4654,19.7374,3.7594,5.6390
93.5736,94.2194,82.1532,12.2904,1.3632,2.3549,213.6449,73.4126,29.1764,3.7646,3.7648
93.7260,97.3391,85.3848,12.7742,1.3505,2.4475,178.5736,87.4065,28.1953,1.8799,5.6392
93.8784,97.6443,86.6830,12.9923,1.2383,2.4800,214.8226,94.7451,24.3901,5.6284,7.5045
94.0308,99.5222,87.0201,12.9973,1.4124,2.4986,228.3408,68.1033,22.0333,4.0062,5.0074
94.1832,96.2079,82.2301,12.3872,1.5791,2.3403,200.9397,86.3841,25.3517,6.5726,2.8170
94.3356,93.2569,77.6389,11.6107,1.7644,2.2264,213.5466,71.4951,18.8143,3.7629,4.7037
94.4880,94.9479,77.5064,11.4904,1.9704,2.2424,213.6482,60.2360,12.2358,3.7648,4.7058
94.6404,93.5449,74.5791,10.8520,2.1426,2.1982,232.8442,72.5987,21.2480,5.3120,3.5415
94.7928,92.9187,71.9755,10.3782,2.3660,2.1402,196.4280,75.1880,15.9776,3.7593,4.6991
94.9452,89.1937,66.3640,9.5389,2.5791,1.9793,186.8553,75.1167,17.8405,2.8170,2.8170
95.0976,90.7024,65.1233,9.4088,2.8897,1.9328,201.1274,63.9100,19.7375,3.7594,3.7596
95.2500,94.5117,65.8961,9.6423,3.2328,1.9316,193.5822,68.2042,31.0932,3.0091,7.0210
95.4024,95.7382,66.0510,9.7285,3.3538,1.9236,217.1042,62.0312,30.0745,3.7594,5.6390
95.5548,98.6882,67.1521,9.9686,3.5627,1.9403,199.2496,79.8873,18.7971,3.7594,4.6991
95.7072,96.1126,65.0345,9.7652,3.5110,1.8571,223.6826,81.7658,20.6766,3.7596,2.8197
95.8596,94.2319,62.6824,9.5279,3.5642,1.7671,198.3076,63.9097,19.7375,6.5787,5.6389
96.0120,93.1378,61.6689,9.2902,3.5551,1.7550,188.0594,62.0603,30.0889,1.8808,2.8210
96.1644,94.8559,62.9904,9.3863,3.5999,1.8130,206.2857,79.6810,23.9042,5.3120,4.4266
96.3168,96.8375,65.6199,9.5504,3.5267,1.9337,201.8781,75.1174,21.5962,4.6947,2.8168
96.4692,96.0513,68.1642,9.8321,3.1505,2.0262,203.9464,75.1888,21.6166,2.8199,0.9402
96.6216,94.9283,70.6761,10.0785,2.7398,2.1238,188.4713,89.2221,23.0578,9.0224,6.0148
96.7740,97.2645,73.2156,10.5013,2.7169,2.1881,191.0603,73.4119,26.3529,6.5880,2.8237
96.9264,99.7710,73.1311,10.5902,3.0096,2.1656,215.2259,76.1280,25.3758,2.8197,5.6392
97.0788,99.5022,70.4448,10.2479,3.2827,2.0768,220.6557,79.8119,22.5348,4.6949,7.5115
97.2312,99.5764,69.3143,10.0554,3.4188,2.0490,194.3674,75.1177,15.0236,5.6338,3.7559
97.3836,94.9098,66.1747,9.5682,3.2463,1.9625,213.3447,80.8260,17.8573,5.6391,4.6992
97.5360,96.7089,66.3691,9.7249,3.4276,1.9428,194.5486,62.9707,19.7375,5.6390,3.7593
97.6884,95.2676,66.5337,9.8679,3.2461,1.9242,190.1182,75.2939,30.1171,4.7059,1.8826
97.8408,95.6085,67.7823,10.2174,3.1436,1.9278,199.4356,72.4358,20.6964,4.7034,6.5849
97.9932,95.3982,70.3024,10.7424,2.8351,1.9708,200.1869,61.0917,24.4362,0.9398,2.8198
98.1456,96.8659,74.5373,11.4261,2.5225,2.0822,182.3328,84.5858,26.3158,0.9400,6.5790
98.2980,97.4135,78.9182,12.0431,2.0895,2.2154,215.0225,74.1789,26.2905,2.8170,7.5115
98.4504,94.1296,79.1344,11.9913,1.6941,2.2382,198.4010,82.7448,15.9850,3.7611,3.7611
98.6028,90.5788,76.3085,11.5497,1.6121,2.1610,190.2857,69.1037,16.0245,3.0046,3.0046
98.7552,91.3375,76.7238,11.5178,1.6509,2.1914,194.5489,69.5500,23.4963,3.7595,4.6991
98.9076,92.2689,77.7648,11.4772,1.6386,2.2601,195.4878,87.4064,24.4353,4.6992,1.8800
99.0600,94.2652,79.6765,11.6492,1.6481,2.3374,179.6814,93.1324,12.2301,3.7629,6.5850
99.2124,91.9919,77.8221,11.3632,1.6008,2.2860,200.2808,88.3869,20.6869,3.7610,4.7016
99.3648,93.7749,80.0080,11.7179,1.5553,2.3432,179.3455,79.8112,29.1072,0.9393,7.5116
99.5172,89.5270,76.3190,11.3154,1.4921,2.2079,224.6205,63.9101,16.9180,6.5789,4.6994
99.6696,93.0810,76.2306,11.5163,1.9036,2.1630,166.2010,69.4833,28.1689,6.5724,6.5727
99.8220,92.2831,70.0664,10.7139,2.5099,1.9627,229.5377,65.8517,26.3400,0.9408,5.6443
99.9744,92.8214,67.1847,10.2727,2.8962,1.8820,207.7059,71.4282,17.8570,1.8798,3.7595
100.1268,89.4905,63.4638,9.6383,2.9403,1.7907,192.7603,65.8202,15.0451,2.8209,5.6416
100.2792,89.9315,65.0102,9.9632,2.8154,1.8166,202.5060,62.1565,22.0551,4.0100,3.0076
100.4316,91.3718,66.6453,10.3601,2.7934,1.8333,197.1841,79.8111,21.5958,3.7559,3.7558
100.5840,92.1228,68.5549,10.7735,2.6625,1.8628,212.6050,61.1489,15.0518,3.7630,2.8222
100.7364,90.1433,67.9509,10.8604,2.5071,1.8105,199.3422,80.8639,15.9852,5.6415,2.8208
100.8888,89.0436,66.6807,10.7173,2.5264,1.7648,205.6329,61.9725,19.7181,1.8779,1.8783
101.0412,87.7723,64.8107,10.4050,2.5940,1.7176,191.5497,73.2389,15.9628,1.8782,7.5115
101.1936,89.3058,63.6251,10.0086,2.9012,1.7269,198.1232,64.7893,22.5347,6.5727,3.7558
101.3460,89.1019,61.6881,9.5639,3.0970,1.7020,215.9615,74.1770,14.0854,4.6949,2.8168
101.4984,91.7298,59.8876,9.2389,3.5973,1.6614,201.1288,51.6932,28.1949,5.6390,0.9401
101.6508,93.1343,57.3405,8.8593,4.0437,1.5881,216.3681,75.2589,18.8149,3.7630,4.7037
101.8032,93.4132,55.5385,8.5607,4.2788,1.5422,205.8223,78.3127,22.0882,5.0199,5.0202
101.9556,90.1141,53.2214,8.2659,4.1679,1.4655,188.7326,68.5447,18.7792,2.8170,7.5114
102.1080,87.7975,51.7421,8.2587,4.0733,1.3808,192.4876,70.4230,15.9625,4.6948,1.8783
102.2604,89.3446,51.9025,8.5130,4.2299,1.3399,181.9894,78.7995,16.8850,3.7523,8.4427
102.4128,90.6489,50.9230,8.5824,4.4879,1.2691,192.6696,83.6453,8.4596,3.7592,7.5184
102.5652,88.5169,47.3955,8.0243,4.6456,1.1740,200.2809,62.0593,23.5068,0.9404,0.9404
102.7176,88.1541,46.5295,7.9934,4.7024,1.1297,180.4524,62.9700,15.9777,2.8197,2.8194
102.8700,88.9477,48.5534,8.3871,4.5634,1.1697,201.1277,64.8503,19.7369,4.6990,0.9400
103.0224,92.6539,54.3824,9.4880,4.3236,1.2916,199.0617,75.1169,20.6572,0.9393,2.8168
103.1748,93.9825,58.9217,10.3123,3.9609,1.3930,210.3277,67.6066,19.7181,5.6338,1.8781
103.3272,94.4437,62.2846,10.9081,3.6331,1.4711,195.0987,83.0406,17.0086,5.0023,4.0019
103.4796,95.2726,64.1554,11.1122,3.5154,1.5397,214.1848,68.5770,17.8488,0.9396,1.8792
103.6320,95.2541,65.0787,11.1473,3.4090,1.5865,209.3886,72.3008,17.8404,4.6952,7.5117
103.7844,93.6685,63.7765,10.7266,3.3770,1.5938,191.9096,78.0808,18.8146,11.2885,6.5848
103.9368,94.6171,66.8638,11.0261,3.1354,1.7144,189.8509,76.1283,17.8574,6.5789,0.9401
104.0892,91.4254,65.6387,10.7847,2.9132,1.6908,211.4651,83.6452,22.5560,6.5788,4.6991
104.2416,93.1430,67.9378,11.1994,2.8475,1.7427,194.6416,60.1788,16.9253,4.7014,1.8810
104.3940,92.2305,67.5626,11.2634,2.7868,1.7082,215.9619,62.9115,17.8405,3.7559,8.4508
104.5464,96.9298,70.6823,11.8527,2.9652,1.7734,207.3178,75.0471,19.6997,4.6901,9.3805
104.6988,99.0506,72.1034,12.2971,3.0443,1.7683,219.7171,78.8732,17.8412,0.0003,2.8173
104.8512,98.8281,71.3190,12.4110,3.1078,1.7001,200.0000,77.9340,30.9856,5.6337,9.3896
105.0036,99.2340,71.3310,12.6778,3.1523,1.6481,200.0007,74.1782,25.3523,4.6948,8.4504
105.1560,98.7919,70.7615,12.6374,3.1667,1.6229,212.2072,71.3616,29.1072,4.6947,2.8170
105.3084,98.0107,70.8933,12.5568,3.0635,1.6465,222.7430,72.3684,16.9176,2.8196,3.7596
105.4608,96.4014,72.1122,12.5076,2.7440,1.7272,200.2823,71.4620,22.5672,3.7612,6.5822
105.6132,95.6465,74.2044,12.6404,2.4224,1.8228,203.7569,68.5445,25.3518,3.7560,9.3894
105.7656,91.4487,72.4652,12.2888,2.1446,1.7910,219.7157,67.6056,20.6570,5.6336,4.6947
105.9180,90.3704,72.3801,12.2103,2.0324,1.8016,177.4656,66.6674,16.9019,2.8170,2.8169
106.0704,86.4598,68.2047,11.3582,2.0623,1.7269,191.5485,78.8726,25.3519,3.7561,2.8170
106.2228,91.0310,69.6358,11.4461,2.4171,1.7928,178.5735,68.6091,22.5559,7.5188,3.7595
106.3752,90.0333,64.4751,10.4704,2.8874,1.6852,212.5055,70.5213,14.1043,7.5222,5.6416
106.5276,90.3225,61.4747,9.9614,3.2590,1.6110,205.8267,62.0296,13.1578,4.6991,3.7593
106.6800,93.2710,60.4402,9.8902,3.7090,1.5649,176.5286,81.6898,13.1462,3.7559,3.7560
106.8324,91.9352,58.9824,9.7496,3.7228,1.5078,221.5933,76.9947,23.4739,3.7559,6.5727
106.9848,94.0743,58.4515,9.8123,4.0244,1.4644,173.7097,67.6063,19.7183,4.6948,4.6947
107.1372,90.7152,53.3476,8.8652,4.2215,1.3544,186.8549,77.9337,18.7795,3.7559,2.8170
107.2896,97.6124,54.6340,8.8410,4.8554,1.4341,193.7020,68.6416,21.6266,4.7015,3.7612
107.4420,98.6060,54.8933,8.7477,4.9383,1.4677,225.5627,73.3076,20.6767,5.6389,3.7597
107.5944,95.6193,53.3255,8.5323,4.7780,1.4189,205.3069,62.0931,20.0297,3.0044,8.0115
107.7468,90.7269,51.6586,8.4499,4.4136,1.3382,187.7941,61.0336,15.0235,1.8779,0.0001
107.8992,88.9647,51.1063,8.3878,4.2770,1.3183,198.3080,72.3683,15.9774,1.8799,0.9399
108.0516,94.0157,55.5713,9.1659,4.3432,1.4245,193.4275,70.4230,15.9631,4.6948,1.8782
108.2040,91.9954,54.6888,8.9186,4.2146,1.4220,198.3997,78.0439,26.3276,4.7015,6.5819
108.3564,91.6275,53.1976,8.5546,4.3415,1.4071,168.2340,73.3076,16.9176,4.6993,4.6992
108.5088,88.9688,50.5720,8.0057,4.3378,1.3627,183.2706,62.9707,22.5563,5.6392,4.6991
108.6612,94.6146,53.0929,8.4941,4.6908,1.4129,181.2223,76.0567,21.5966,7.5114,2.8169
108.8136,96.4140,54.8539,8.9152,4.6952,1.4323,207.5109,82.6284,27.2300,1.8780,2.8169
108.9660,96.6739,54.5470,8.9528,4.7592,1.4070,194.3663,71.3615,27.2292,3.7559,2.8172
109.1184,95.3765,51.4134,8.4480,4.9666,1.3242,195.3981,70.4555,14.0914,3.7577,7.5149
109.2708,96.8109,50.2658,8.3604,5.2583,1.2747,215.0233,68.5446,17.8402,4.6947,0.9393
109.4232,98.1458,51.0531,8.6817,5.3202,1.2571,211.4654,68.6091,15.0377,2.8198,6.5789
109.5756,96.9520,53.1752,9.2601,4.9456,1.2663,198.4958,70.1757,17.0424,7.0175,5.0126
109.7280,95.7484,54.1895,9.6052,4.6950,1.2572,191.7291,75.1882,13.1586,5.6390,6.5786
109.8804,96.7526,56.2250,9.9750,4.5785,1.3026,188.0593,78.9845,24.4475,3.7612,0.9403
110.0328,96.6754,57.8889,10.2601,4.3818,1.3432,204.6944,78.8731,22.5346,4.6947,0.9394
110.1852,94.4192,59.5603,10.4066,3.9381,1.4116,198.1220,76.0555,12.2067,2.8170,7.5116
110.3376,93.0432,59.6256,10.4561,3.7753,1.4056,197.1836,62.9112,15.0239,4.6948,4.6948
110.4900,95.1910,60.3067,10.7605,3.9410,1.3851,205.4412,69.4190,21.5759,4.6906,3.7523
110.6424,95.9039,58.2610,10.5210,4.2526,1.3133,210.5258,78.9464,20.6762,7.5185,2.8195
110.7948,92.1263,54.9045,9.9485,4.2050,1.2310,202.8150,63.8502,12.2067,2.8169,2.8170
110.9472,88.1893,50.2057,8.9728,4.2911,1.1502,172.0739,71.4616,14.1047,2.8210,3.7614
111.0996,91.8750,51.0613,9.0719,4.6108,1.1804,181.3930,62.0308,18.7969,4.6992,7.5187
111.2520,97.6119,53.8977,9.2377,4.9385,1.3128,215.2247,73.3089,16.9176,3.7595,5.6391
111.4044,102.9204,58.2044,9.8394,5.0517,1.4447,201.6891,83.4898,21.5761,5.6284,5.6286
111.5568,100.8714,59.4791,10.0282,4.6762,1.4816,210.3150,85.1265,23.0345,3.0045,7.0106
111.7092,97.2353,57.8448,9.9202,4.4501,1.4078,202.8173,65.7268,21.5962,2.8170,8.4502
111.8616,94.1211,54.6165,9.4251,4.4629,1.3176,209.4873,50.7297,20.6666,3.7576,0.9395
112.0140,91.8517,50.4017,8.7171,4.6827,1.2121,198.1212,77.9336,15.0235,3.7559,1.8781
112.1664,93.0753,50.7835,8.8185,4.7778,1.2143,183.0981,66.6676,15.0242,3.7560,4.6947
112.3188,92.5612,52.3503,9.0900,4.5427,1.2519,175.7535,82.7054,27.2552,5.6392,1.8798
112.4712,96.9670,58.3002,9.9554,4.3683,1.4273,201.8782,60.0955,19.7184,6.5727,2.8169
112.6236,94.0576,57.1882,9.6593,4.1652,1.4211,205.5122,86.2143,21.0523,6.0150,3.0075
112.7760,94.7969,57.9260,9.6045,4.1654,1.4749,179.4282,65.7589,15.9706,4.6969,2.8183
112.9284,92.6967,57.7994,9.5296,3.9424,1.4823,199.0610,71.3620,27.2295,1.8782,3.7560
113.0808,92.4898,58.4368,9.5752,3.8471,1.5105,199.0601,78.8721,17.8405,5.6337,5.6337
113.2332,89.5486,56.2733,9.2479,3.7592,1.4492,183.0994,61.0326,20.6570,4.6949,4.6948
113.3856,86.9656,53.4225,8.8722,3.7894,1.3574,196.2434,57.2782,16.9010,5.6339,3.7558
113.5380,87.0817,54.5840,9.1699,3.6713,1.3662,184.2102,77.0678,10.3385,6.5787,1.8797
113.6904,89.1165,57.8963,9.6848,3.5270,1.4573,178.4885,78.9098,12.2129,1.8790,1.8791
113.8428,90.1102,60.0167,10.0324,3.3997,1.5121,194.5486,70.4889,22.5561,4.6992,6.5789
113.9952,94.9366,64.8971,10.8370,3.3936,1.6373,190.2872,73.1093,18.0276,4.0059,6.0089
114.1476,93.5235,65.3384,11.0542,3.1841,1.6200,219.7169,67.6053,27.2294,1.8782,3.7559
114.3000,93.3501,66.2951,11.2554,3.0565,1.6360,197.1836,62.9107,15.9625,5.6336,4.6948
114.4524,91.8182,64.8453,11.2384,3.0472,1.5549,204.6947,61.0333,16.9016,1.8779,4.6951
114.6048,90.8211,64.2029,11.2655,3.0071,1.5121,202.1621,68.6408,19.7459,1.8807,9.4025
114.7572,92.3191,64.3475,11.5411,3.1600,1.4661,192.4882,61.0341,15.9625,3.7559,1.8783
114.9096,89.5831,62.6965,11.2290,3.0375,1.4316,191.5484,81.6897,16.9015,3.7558,7.5116
115.0620,91.7869,65.0092,11.5994,3.0252,1.4931,176.6933,74.2477,17.8572,1.8798,5.6390
115.2144,94.2022,69.2544,12.2647,2.8184,1.6088,201.8786,66.6671,18.7800,3.7560,4.6948
115.3668,99.5080,74.5623,13.2696,2.8182,1.7193,212.2060,73.2400,30.0468,5.6339,3.7560
115.5192,100.8801,76.1597,13.6075,2.7927,1.7455,202.6078,83.2496,28.0836,8.0238,6.0180
115.6716,103.9818,77.2666,13.9897,3.0181,1.7344,202.0694,80.8274,17.8574,2.8199,5.6390
115.8240,101.1591,74.0615,13.4628,3.0613,1.6519,230.0443,86.3847,21.5961,8.4505,4.6948
115.9764,99.1883,71.2486,12.9833,3.1564,1.5829,186.0900,81.7667,19.7364,4.6991,3.7596
116.1288,93.8314,64.6559,11.6325,3.2960,1.4660,182.1609,78.8723,13.1459,2.8171,6.5727
116.2812,95.0177,63.1794,11.3809,3.5968,1.4297,202.8171,62.9111,18.7791,5.6339,5.6337
116.4336,99.1286,64.4956,11.6781,3.9126,1.4476,205.7306,67.6377,15.0312,6.5757,4.6970
116.5860,100.0883,66.0148,12.1014,3.8494,1.4524,208.6460,73.3084,25.3754,3.7596,4.6992
116.7384,102.4473,66.9522,12.2899,4.0100,1.4698,199.2484,76.1282,16.9178,6.5789,3.7596
116.8908,104.4976,66.9303,12.4050,4.2441,1.4457,203.0092,82.7057,24.4361,6.5790,7.5188
117.0432,102.5356,64.6012,12.0545,4.2855,1.3794,231.3441,65.0984,25.0372,8.0117,8.0118
117.1956,100.3692,63.7997,11.9334,4.1313,1.3566,183.0995,76.9953,18.7795,2.8171,4.6949
117.3480,97.7916,63.7278,11.8091,3.8483,1.3770,198.2155,77.0317,20.6671,5.6364,5.6363
117.5004,98.4706,66.2613,12.1560,3.6388,1.4560,204.8868,80.8260,22.5566,5.6390,3.7593
117.6528,96.9088,66.4215,12.1249,3.4442,1.4715,198.3093,62.9696,26.3149,3.7593,2.8194
117.8052,97.9425,66.7501,12.1814,3.5239,1.4794,215.2256,58.2714,12.2184,1.8800,0.9402
117.9576,103.2702,69.8932,12.5797,3.7707,1.5838,215.0232,70.4235,18.7797,7.5116,6.5729
118.1100,104.7712,70.4168,12.5557,3.8811,1.6190,210.3281,85.4451,25.3517,5.6337,9.3896
118.2624,103.0339,70.8036,12.4526,3.6411,1.6619,202.1628,70.5222,17.8659,4.7016,8.4622
118.4148,98.4780,68.4864,11.9285,3.3882,1.6305,204.6944,76.0570,23.4737,6.5725,0.9391
118.5672,99.1908,69.5090,11.9058,3.3532,1.6946,198.3086,86.4656,15.9778,1.8800,3.7596
118.7196,96.7671,66.9194,11.4083,3.3720,1.6421,203.9468,78.0067,21.6168,6.5787,7.5186
118.8720,99.2483,67.1714,11.5034,3.6238,1.6380,194.3673,64.7901,25.3518,2.8170,4.6948
119.0244,94.0523,63.4795,11.0655,3.4539,1.5095,213.1429,86.3837,20.6574,4.6949,4.6950
119.1768,91.4044,60.7712,10.8542,3.4607,1.3936,169.0941,64.8191,22.5452,5.6363,7.5150
119.3292,86.6805,57.0869,10.5366,3.3433,1.2418,179.5111,63.9105,13.1580,2.8197,3.7593
119.4816,90.9914,58.7788,11.0732,3.6391,1.2343,176.6921,75.1883,15.0382,4.6992,2.8197
119.6340,93.3099,58.6518,11.0632,3.9154,1.2289,183.2707,79.8860,24.4359,3.7595,4.6991
119.7864,97.9591,58.6612,10.9754,4.4396,1.2468,184.0393,60.0941,21.5962,4.6949,2.8171
119.9388,94.2786,55.2333,10.1877,4.4111,1.2028,212.4041,62.9696,21.6163,5.6389,5.6390
120.0912,96.3962,57.9613,10.4925,4.3421,1.3014,180.3678,57.3046,17.8488,1.8789,3.7576
120.2436,94.9994,59.7735,10.5800,3.9796,1.3897,203.3049,69.1038,18.0270,4.0062,3.0047
120.3960,98.0058,62.9738,11.0536,3.9577,1.4824,203.0070,71.4285,16.9173,6.5789,6.5788
120.5484,98.6291,64.1780,11.2596,3.8920,1.5118,195.3062,69.4832,16.9015,5.6339,4.6950
120.7008,97.7223,63.6359,11.2040,3.8508,1.4913,212.2050,62.9121,17.8403,6.5728,6.5727
120.8532,97.6256,65.0767,11.4128,3.6771,1.5339,187.1176,84.6261,15.9852,7.5223,4.7015
121.0056,94.2117,64.7502,11.3343,3.3283,1.5304,181.2206,82.6285,20.6569,6.5727,5.6337
121.1580,94.7197,67.5518,11.8781,3.0692,1.5861,180.4522,73.3083,15.0382,4.6994,4.6991
121.3104,95.0100,68.7068,12.1698,2.9715,1.5957,197.3695,73.3083,25.3766,7.5190,2.8194
121.4628,96.5770,70.4938,12.4321,2.9467,1.6479,189.6715,83.5669,17.8410,3.7559,4.6947
121.6152,93.0883,67.6328,11.8834,2.8758,1.5898,192.4873,63.8496,28.1687,3.7558,2.8170
121.7676,90.0661,64.3997,11.2289,2.8996,1.5308,176.7746,61.1191,23.5070,2.8209,4.7015
121.9200,89.0632,63.1228,10.8828,2.9306,1.5249,173.8726,63.9099,18.7973,2.8195,4.6994
122.0724,88.3268,63.7862,10.8275,2.7724,1.5745,181.2210,65.7272,23.4735,2.8170,6.5727
122.2248,92.0910,68.3909,11.2882,2.6775,1.7516,187.0311,57.3322,13.1582,3.7593,4.6992
122.3772,91.9846,69.2914,11.1847,2.5637,1.8244,203.7547,79.8117,17.8405,2.8168,4.6951
122.5296,95.6769,72.8037,11.4456,2.5841,1.9774,184.9772,71.3624,20.6570,0.9393,8.4506
122.6820,91.3476,69.6049,10.7766,2.4563,1.9234,195.3040,85.4446,16.9019,5.6339,7.5116
122.8344,92.8419,71.5835,11.0145,2.4016,1.9916,175.8364,62.0596,25.3877,6.5819,4.7014
122.9868,91.4628,71.9703,11.0957,2.2021,1.9980,207.5191,68.1700,23.0576,4.0099,4.0101
123.1392,93.9147,74.7735,11.6604,2.1624,2.0497,213.1453,61.9726,22.5348,1.8780,4.6947
123.2916,94.9441,75.0929,11.9022,2.2426,2.0205,209.3904,74.1784,15.9628,3.7559,1.8779
123.4440,93.5490,72.2112,11.6552,2.4106,1.9015,220.6555,74.1777,21.5964,3.7559,0.9393
123.5964,92.8195,68.6381,11.2396,2.7318,1.7755,192.4889,62.9109,23.4738,3.7559,6.5727
123.7488,91.2834,64.6321,10.6260,3.0109,1.6636,202.3525,64.9419,17.8829,4.7058,5.6469
123.9012,93.5708,62.9623,10.3224,3.4579,1.6263,195.4892,77.0674,26.3155,2.8198,2.8196
124.0536,93.8590,60.9221,10.0006,3.7210,1.5711,203.9469,73.3083,21.6164,7.5186,3.7594
124.2060,90.9335,57.4566,9.4149,3.7820,1.4851,196.9976,73.1704,18.7614,3.7524,3.7522
124.3584,90.0107,55.4187,9.1183,3.9080,1.4250,189.0948,67.0342,14.0074,4.0020,2.0012
124.5108,91.3368,56.3996,9.2802,3.9470,1.4501,192.5802,77.9701,19.7273,4.6969,5.6365
124.6632,97.3696,59.3619,10.0141,4.2938,1.4776,218.2507,64.9107,15.9932,2.8225,6.5849
124.8156,98.0878,60.7058,10.3936,4.2231,1.4808,226.5022,66.7295,27.2553,7.5187,2.8198
124.9680,99.8431,63.1847,11.0365,4.1414,1.4981,200.1890,69.5491,21.6165,5.6391,6.5789
125.1204,98.2216,62.2336,10.9928,4.0657,1.4514,217.1089,74.0367,21.0101,6.0029,6.0027
125.2728,93.5074,58.5866,10.4177,3.9451,1.3526,223.4713,69.4828,15.0236,4.6948,0.9391
125.4252,88.4368,53.0400,9.6305,3.9989,1.1852,175.8348,56.4175,17.8658,4.7016,3.7611
125.5776,83.0768,50.7243,9.3103,3.6549,1.1137,180.4507,57.3308,22.5560,7.5186,1.8800
125.7300,86.3020,54.4219,10.1985,3.6016,1.1534,172.9328,57.3317,15.9777,4.6992,6.5789
125.8824,85.0229,57.1100,10.6851,3.1534,1.2138,180.2809,71.3612,19.7179,3.7559,6.5725
126.0348,83.0222,58.3344,10.9484,2.7891,1.2331,167.9162,66.6042,13.1334,4.6902,2.8144
126.1872,80.3448,57.9479,10.8710,2.5302,1.2258,148.0764,68.0328,16.0076,1.0007,5.0026
126.3396,81.3988,60.7326,11.4396,2.3347,1.2756,186.9409,47.9113,9.3949,3.7576,6.5757
126.4920,83.0551,62.5954,11.6935,2.3114,1.3339,165.4143,71.4277,22.5558,3.7593,3.7594
126.6444,81.7322,62.9238,11.6198,2.1248,1.3676,178.5708,57.3308,12.2180,1.8799,3.7593
126.7968,80.4995,62.9871,11.4087,1.9784,1.4130,168.2334,57.3307,11.2786,4.6991,2.8195
126.9492,81.6749,66.5299,11.9133,1.7110,1.5196,173.8714,54.5122,17.8572,1.8801,2.8197
127.1016,83.0734,71.5143,12.6804,1.3059,1.6583,160.3211,69.1381,19.0381,9.0177,6.0121
127.2540,84.0826,74.1674,13.1133,1.1201,1.7272,168.0753,65.7280,18.7792,2.8169,7.5117
127.4064,85.4643,76.3965,13.4178,1.0244,1.7968,171.8325,71.3610,16.9014,2.8169,6.5727
127.5588,89.2321,79.9348,13.8995,1.0503,1.9077,196.2440,63.8503,16.9017,2.8171,5.6340
127.7112,89.0941,80.2516,13.7472,0.9990,1.9562,193.4261,73.2390,21.5961,5.6337,9.3894
127.8636,88.9276,80.6246,13.5847,0.9380,2.0101,175.7530,66.7293,19.7365,4.6990,4.6994
128.0160,88.0526,80.1746,13.4259,0.8900,2.0152,193.7001,65.8210,14.1047,0.9403,7.5219
128.1684,92.5969,85.1274,14.1790,0.8438,2.1548,195.2934,76.1141,20.0303,1.0017,1.0017
128.3208,90.3793,83.7155,13.8774,0.7528,2.1322,202.8147,75.1166,23.4741,4.6948,4.6948
128.4732,87.1591,80.6291,13.2667,0.7377,2.0732,166.1970,61.9723,21.5959,3.7557,4.6949
128.6256,83.3941,76.7203,12.4805,0.7540,2.0009,163.5346,69.5488,15.9777,0.9400,5.6390
128.7780,82.6119,73.6072,11.9094,1.0173,1.9326,176.5249,67.6052,19.7178,2.8171,3.7560
128.9304,82.5896,70.7759,11.3329,1.3346,1.8816,161.4262,60.0662,11.2629,5.6309,5.6311
129.0828,80.3878,66.1100,10.6078,1.6130,1.7532,155.8687,67.6054,21.5960,1.8780,4.6947
129.2352,81.0603,66.1196,10.5112,1.6879,1.7729,158.3963,63.1577,18.0454,3.0075,2.0051
129.3876,82.6599,68.0902,10.7066,1.6460,1.8490,162.5947,59.2111,22.5562,2.8195,3.7596
129.5400,84.8969,70.2095,10.7638,1.6593,1.9611,173.8729,68.6089,18.7966,2.8195,6.5788
129.6924,84.8350,70.4886,10.7875,1.6207,1.9727,186.1768,66.7604,13.1643,1.8806,4.7014
129.8448,80.1380,66.7703,10.3293,1.5102,1.8467,170.7299,61.9134,16.8858,1.8763,3.7522
129.9972,80.8732,67.7336,10.7398,1.4844,1.8217,141.7870,57.2776,20.6569,4.6947,1.8780
130.1496,78.7661,65.4368,10.5376,1.5059,1.7279,189.6694,67.6049,15.0233,1.8782,2.8168
130.3020,80.1942,65.1662,10.5718,1.6977,1.7054,156.9548,56.3911,12.2183,5.6390,1.8797
130.4544,75.4036,60.3522,9.7543,1.7004,1.5866,155.0753,59.2104,15.9771,4.6991,1.8798
130.6068,77.7656,62.0510,9.9407,1.7753,1.6487,156.9268,57.3551,10.4144,1.9182,2.8069
130.7592,79.7979,64.4854,10.1800,1.7299,1.7432,174.2495,50.9068,16.7506,5.5389,7.3983
130.9116,81.2601,65.0585,10.2290,1.8303,1.7669,165.6405,59.7346,26.8274,2.9257,5.7069
131.0640,81.3451,62.5018,9.7683,2.1288,1.7090,164.3701,62.7615,15.6562,1.9276,3.8555
131.2164,83.8474,60.8038,9.4307,2.6033,1.6769,180.1872,59.3295,15.0228,0.1212,3.9898
131.3688,88.3694,61.2935,9.4269,3.0588,1.7062,175.3286,81.7496,18.5000,2.5978,4.6447
131.5212,90.3350,62.5515,9.7416,3.1388,1.7172,183.1874,75.0310,17.9276,5.3749,8.1091
131.6736,89.0777,61.3838,9.7895,3.1287,1.6397,181.5934,71.6871,15.3283,3.1133,4.2501
131.8260,85.6522,60.6007,9.7611,2.8301,1.5997,175.5622,64.7813,18.3592,3.6503,5.4217
131.9784,83.3084,61.2880,9.7695,2.4877,1.6381,170.0542,66.4142,14.7267,2.9434,2.3751
132.1308,82.1758,63.9759,10.0428,2.0561,1.7406,162.7664,69.1520,16.5118,3.6248,4.2890
132.2832,79.1903,63.0957,9.8235,1.8182,1.7327,174.9987,63.1557,18.4883,0.5860,3.9041
132.4356,78.9790,61.9545,9.5980,1.9233,1.7108,153.9388,54.1405,17.9864,1.5548,1.4140
132.5880,77.4027,58.7838,9.0408,2.1034,1.6363,175.4373,52.5931,18.6132,4.1798,0.9392
132.7404,77.8044,57.5795,8.9022,2.2849,1.5936,171.4052,50.3208,16.5116,5.4529,0.9392
132.8928,77.8927,57.1423,8.8784,2.3442,1.5728,154.9391,57.9376,14.4217,1.9687,2.5703
133.0452,81.9683,59.2886,9.0948,2.5622,1.6550,181.8128,59.3640,11.1488,0.9532,2.1292
133.1976,86.2384,61.1427,9.1759,2.8351,1.7470,186.4294,71.4375,16.8124,5.9843,7.6404
133.3500,89.0487,60.7228,8.8894,3.2001,1.7791,180.9068,70.9448,15.9692,4.6874,3.7343
133.5024,87.4316,58.2791,8.4980,3.2934,1.7142,189.1554,63.2972,22.6560,2.3711,2.5724
133.6548,86.2675,57.0530,8.3628,3.3004,1.6695,174.9369,68.5785,18.5624,1.8795,4.8633
133.8072,87.3377,57.7478,8.5750,3.3429,1.6681,164.8846,74.1015,16.6464,2.5508,5.6390
133.9596,90.2453,59.6203,9.0341,3.4598,1.6863,194.9379,73.1677,15.5942,3.4746,4.3242
134.1120,94.3397,63.2581,9.8349,3.5114,1.7399,201.3746,68.4380,22.7658,3.7559,3.7559
134.2644,91.8886,64.3916,10.2765,3.1064,1.7186,194.9604,77.4364,25.0231,5.0194,4.3887
134.4168,88.2465,64.5729,10.5278,2.6745,1.6795,186.0468,59.6874,19.4687,3.1484,5.3183
134.5692,86.1878,64.7013,10.6912,2.4274,1.6547,185.6255,57.7501,18.2896,3.2580,4.5858
134.7216,86.4799,64.7381,10.6612,2.4562,1.6628,193.7650,60.0628,26.6404,5.6367,2.6562
134.8740,85.9168,64.4713,10.5024,2.4228,1.6786,183.2496,65.2344,22.8433,5.4101,1.8787
135.0264,84.9503,64.2575,10.4230,2.3377,1.6819,177.0318,66.0937,16.1370,4.6976,3.0196
135.1788,84.2515,64.7996,10.5844,2.1975,1.6815,185.9061,65.6092,20.6405,5.2617,4.8789
135.3312,86.0185,66.9239,11.0135,2.1572,1.7204,184.1566,62.3441,18.4064,4.5469,5.0918
135.4836,85.6412,67.2301,11.0602,2.0799,1.7290,190.5310,68.7499,20.9999,4.2891,4.6949
135.6360,86.3726,67.3819,11.1135,2.1454,1.7273,186.1255,67.2497,20.0467,4.6972,5.7383
135.7884,87.9942,67.5121,11.1933,2.3139,1.7191,195.0009,63.1798,16.5587,3.1681,5.5587
135.9408,91.3798,67.7155,11.3068,2.6734,1.7085,210.3790,64.2658,17.8495,4.8594,7.1875
136.0932,93.0658,66.8132,11.2153,2.9658,1.6741,212.5470,66.8595,21.2658,6.0665,6.4921
136.2456,92.2430,64.0014,10.8447,3.1905,1.5836,202.9995,63.4377,20.6717,4.2285,2.8126
136.3980,89.3945,60.9131,10.4335,3.2176,1.4850,195.5618,66.0938,17.9610,3.8824,3.9063
136.5504,85.2601,57.9448,9.9505,3.0859,1.4076,184.6864,66.7496,18.9277,4.3378,4.9375
136.7028,82.8030,56.1626,9.6212,3.0096,1.3689,166.4189,60.7653,18.7970,2.9453,4.6329
136.8552,82.5322,55.9879,9.5089,2.9988,1.3810,181.5006,56.0314,19.6446,3.0548,6.0606
137.0076,84.9791,57.3608,9.7648,3.1201,1.4103,190.7805,59.0010,20.6710,4.4023,6.1659
137.1600,84.4881,56.9946,9.6771,3.1060,1.4063,179.1561,75.1714,17.4684,3.2187,4.0311
137.3124,82.3035,54.7802,9.2984,3.1094,1.3522,176.9685,67.0935,11.6016,2.9844,2.2637
137.4648,82.2882,53.3941,8.9068,3.2642,1.3489,172.3052,63.4847,12.8440,2.7305,2.0977
137.6172,85.3831,55.1908,9.0108,3.4109,1.4330,180.3447,68.8127,16.1639,3.5527,2.4298
137.7696,89.1827,59.1988,9.5789,3.3874,1.5541,196.2191,71.4409,13.5100,2.8201,3.9960
137.9220,89.6650,61.8705,10.0451,3.1400,1.6176,201.7491,68.4060,17.1409,4.5000,2.4824
138.0744,87.6028,62.8155,10.2740,2.8003,1.6273,187.7810,64.9219,21.5818,5.2342,1.8797
138.2268,86.6111,63.4130,10.4633,2.6207,1.6247,183.5633,65.1406,17.5311,2.8204,2.5040
138.3792,89.0967,65.0031,10.7967,2.7219,1.6514,197.1410,64.3444,15.0393,4.7889,3.5196
138.5316,91.6892,64.9176,10.8526,3.0245,1.6354,203.2497,74.8745,18.1171,2.1407,4.1017
138.6840,91.0061,62.5192,10.4510,3.2182,1.5751,197.6398,66.2185,16.2502,4.1445,5.7499
138.8364,88.1071,59.8374,10.0256,3.1937,1.5030,184.9367,61.9380,18.7502,3.6095,4.0195
138.9888,86.8613,60.0891,10.0887,3.0245,1.5052,171.6570,69.6092,22.4765,5.1288,3.9414
139.1412,89.2031,63.6929,10.7278,2.8820,1.5887,183.2035,66.9847,20.8439,3.5664,3.1878
139.2936,90.8348,67.7361,11.3870,2.6095,1.6939,188.8259,72.0780,23.6991,3.4181,7.3672
139.4460,90.2209,70.2210,11.8327,2.2594,1.7505,184.7492,69.2774,22.1366,4.9160,7.8202
139.5984,88.9338,72.7760,12.3212,1.8254,1.8027,171.9386,70.2186,20.8809,4.8358,5.8419
139.7508,88.6303,75.9647,12.8794,1.4309,1.8781,189.6717,66.9376,21.0429,2.6408,6.9571
139.9032,86.8762,76.6660,12.8454,1.1535,1.9257,186.4362,69.2808,19.3282,5.6381,7.5701
140.0556,87.2629,77.9620,12.9015,1.0507,1.9900,164.6264,61.5785,21.2656,5.4687,3.7562
140.2080,87.4403,77.2963,12.6163,1.1460,2.0076,188.0507,67.8043,20.1915,4.8497,3.9121
140.3604,86.9662,76.2344,12.3483,1.2124,1.9988,186.5929,61.6869,20.9839,5.5449,4.4452
140.5128,84.7591,74.0996,11.7378,1.2042,1.9951,172.2027,52.5637,12.6956,4.4529,3.2384
140.6652,83.1406,73.6509,11.4808,1.0721,2.0198,165.6568,72.8432,17.5080,1.5237,4.8165
140.8176,87.1814,77.4556,12.0837,1.0988,2.1222,175.2820,64.2350,21.2029,5.1170,5.7442
140.9700,91.5095,80.3879,12.6227,1.2564,2.1864,187.7508,74.0779,18.2736,1.3440,6.6250
141.1224,90.9965,79.0526,12.4218,1.3493,2.1484,201.3117,70.9055,21.3590,4.8241,6.9003
141.2748,90.3277,77.5993,11.9961,1.4380,2.1479,187.5929,58.4384,15.4386,2.8848,5.6338
141.4272,87.4914,74.7573,11.3177,1.4386,2.1165,173.0472,73.0232,32.8104,3.8126,5.3591
141.5796,89.2546,76.3815,11.3454,1.4543,2.2056,177.9850,69.7816,31.1866,4.6523,1.1565
141.7320,90.1755,77.5673,11.4330,1.4244,2.2573,188.7100,76.1212,16.2036,3.7872,5.5389
141.8844,93.6008,81.9339,12.0659,1.3180,2.3865,188.6266,77.9294,23.5431,4.6483,2.8208
142.0368,97.3440,86.1905,12.6964,1.2600,2.5098,215.2285,72.4223,25.3691,1.8749,2.8144
142.1892,96.4761,86.3025,12.7268,1.1493,2.5103,215.7507,79.2485,24.0920,1.0100,2.0119
142.3416,92.5634,82.8538,12.2291,1.0969,2.4078,195.7176,54.9388,27.1633,5.5390,4.6448
142.4940,90.0230,80.1022,11.8838,1.1208,2.3158,176.2509,76.2500,14.5317,4.7266,8.3280
142.6464,89.5382,80.1636,11.9779,1.0591,2.3008,191.8442,77.0287,22.1561,5.5935,5.7616
142.7988,90.6471,81.5175,12.1881,1.0314,2.3381,199.7339,58.5007,19.9026,2.1015,3.8671
142.9512,91.6672,81.9624,12.2396,1.0964,2.3539,192.8444,70.0945,23.7340,1.0666,3.0587
143.1036,92.4896,81.9093,12.3580,1.1953,2.3274,202.9529,82.5930,18.3907,3.5233,5.4140
143.2560,95.7038,83.9862,12.8198,1.3238,2.3570,199.7043,70.9380,20.3984,1.2190,3.9414
143.4084,93.9951,83.7999,12.9492,1.1518,2.3206,219.1861,79.5311,19.0000,5.1093,4.5919
143.5608,96.4881,86.9233,13.4346,1.0806,2.4065,196.1261,77.4610,18.7807,3.1680,6.3398
143.7132,93.4585,85.2056,13.3637,0.9323,2.3205,214.3737,78.6169,22.8360,4.4414,4.9532
143.8656,93.9026,85.2176,13.6439,0.9812,2.2658,192.3751,74.0857,23.4743,4.6950,6.2891
144.0180,90.6249,81.5965,13.2008,1.0200,2.1425,193.4377,70.9370,25.8475,7.0584,6.5780
144.1704,90.6514,80.8597,13.0314,1.1062,2.1331,195.9834,61.9229,22.7814,3.8048,6.9348
144.3228,92.8214,81.1206,12.9362,1.3219,2.1671,179.7214,78.4686,25.5153,5.9060,11.2417
144.4752,96.9676,82.3769,13.1859,1.6483,2.1909,223.0003,75.9687,19.5783,2.0860,3.9842
144.6276,97.3891,79.9294,12.8358,1.9725,2.1176,227.5763,74.9841,22.2889,2.4182,1.8800
144.7800,95.0800,74.9212,12.1077,2.2774,1.9699,197.3121,70.8363,19.1486,6.4374,6.9530
144.9324,92.1515,70.9058,11.4731,2.4002,1.8615,190.1958,76.6089,22.1173,4.6717,4.1875
145.0848,90.9985,69.2870,11.2475,2.4528,1.8118,199.0000,69.0932,23.4742,2.3594,4.9140
145.2372,90.3401,69.3579,11.2780,2.3704,1.8099,199.3284,60.1408,23.1598,3.4376,3.7110
145.3896,91.9282,70.0634,11.4060,2.4701,1.8257,204.2813,62.9075,17.2812,4.5019,4.8946
145.5420,95.5559,71.6507,11.6314,2.7006,1.8736,205.3831,82.7499,17.0199,4.0352,6.2988
145.6944,97.6137,70.5084,11.3531,3.0622,1.8620,210.1090,81.7501,23.7184,5.0624,5.9256
145.8468,96.3399,65.6669,10.3466,3.4652,1.7790,203.3443,83.7023,18.6406,3.7226,3.7225
145.9992,92.4495,59.3398,9.2445,3.7405,1.6284,212.1869,69.5620,17.5312,2.8169,1.5625
146.1516,91.4365,56.6465,8.9119,3.9303,1.5373,202.2498,61.6648,16.3205,3.4317,2.1680
146.3040,94.3148,58.1413,9.2866,4.0866,1.5503,199.5948,74.0317,19.8439,4.9610,2.2168
146.4564,98.1338,60.6997,9.7417,4.2290,1.6093,217.1251,81.0631,22.8709,5.2471,2.5862
146.6088,100.2065,61.3969,9.8418,4.3844,1.6302,218.0625,74.6092,19.8595,5.3983,6.3594
146.7612,98.8167,60.1860,9.7622,4.3642,1.5754,217.2963,72.1836,21.8281,3.9453,6.2031
146.9136,96.7741,58.7194,9.5683,4.2991,1.5283,208.3744,72.7774,21.6873,4.4766,5.2539
147.0660,95.1799,57.9961,9.3407,4.2007,1.5311,198.9341,73.9177,18.1017,4.5586,4.5585
147.2184,94.7605,57.0603,8.9694,4.2591,1.5500,207.5625,69.8127,21.1095,4.8086,2.6992
147.3708,96.0062,56.1422,8.6618,4.5035,1.5574,207.2816,73.4689,23.8963,5.1191,2.3926
147.5232,98.3419,55.8750,8.5659,4.7976,1.5608,212.3756,76.2189,20.5545,4.3252,2.3830
147.6756,99.7286,56.0351,8.6176,4.9362,1.5599,222.5484,78.6248,17.9383,4.8633,5.3751
147.8280,100.5767,57.1581,8.8712,4.9051,1.5752,215.5000,75.0001,19.7734,5.6376,6.5389
147.9804,100.5897,57.5803,9.0240,4.8589,1.5695,216.0628,76.9690,19.2811,3.7812,4.2324
148.1328,101.0824,57.4348,9.0339,4.9310,1.5591,220.9524,81.5002,17.3713,2.3360,3.7595
148.2852,102.3727,56.0111,8.7824,5.2376,1.5259,209.1875,84.5000,20.5158,4.1484,5.9766
148.4376,101.2113,53.5370,8.2793,5.3859,1.4813,209.1252,84.6242,23.4961,3.9218,5.8827
148.5900,99.9705,52.5731,8.0872,5.3546,1.4631,212.4063,71.9199,20.5625,2.2969,3.6524
148.7424,99.3460,53.8565,8.3813,5.1391,1.4797,213.2505,71.7814,20.1564,3.2227,3.8827
148.8948,99.9186,57.3454,9.1244,4.8096,1.5360,221.9063,74.7186,22.5781,4.6993,1.6406
149.0472,99.1681,60.3956,9.7012,4.3802,1.5996,221.9370,72.7186,21.8046,6.2363,1.5157
149.1996,94.6902,60.6144,9.6382,3.8496,1.6248,213.8733,70.7192,20.7498,5.1093,3.0235
149.3520,91.5884,60.6635,9.3622,3.4937,1.6822,185.9067,78.7733,17.1720,3.1739,3.3047
149.5044,89.0699,59.8701,8.9755,3.2988,1.7125,193.2987,77.0808,19.3046,4.4454,4.2733
149.6568,88.9420,59.7177,8.7853,3.3015,1.7412,191.0077,76.0702,17.2481,5.3066,2.5469
149.8092,89.2657,58.5557,8.5317,3.4694,1.7237,188.4342,74.4982,18.1602,5.0136,3.4355
149.9616,91.3568,57.9307,8.4516,3.7762,1.7031,198.3131,76.4219,19.5117,4.4452,2.5509
150.1140,92.1582,56.4925,8.3822,4.0292,1.6331,208.3119,76.1089,19.1403,1.9642,3.7346
150.2664,93.4290,55.1605,8.3602,4.3233,1.5598,198.4386,68.4137,14.4688,2.7267,6.9570
150.4188,92.9218,54.9931,8.5945,4.2849,1.5038,217.1640,61.8744,14.8520,4.5019,6.3243
150.5712,92.7832,56.3759,9.0255,4.1130,1.4991,215.8116,52.7933,21.3128,3.4257,6.8514
150.7236,90.9701,57.5999,9.4074,3.7699,1.4949,200.4370,58.6257,25.7498,2.3711,3.5098
150.8760,90.9250,58.9289,9.6940,3.6147,1.5156,191.3432,69.9734,22.3006,3.2891,3.2812
151.0284,89.7239,59.9246,9.8155,3.3665,1.5496,204.8118,67.2732,23.1091,1.8793,4.2577
151.1808,88.4258,62.3929,10.1691,2.9410,1.6234,193.8435,63.1194,19.1993,2.7111,2.6093
151.3332,87.1634,65.8143,10.6472,2.4119,1.7282,189.5314,66.6256,20.5322,5.5039,2.1153
151.4856,88.0949,71.1305,11.4395,1.9165,1.8812,192.3751,76.0858,20.7344,5.3243,3.5197
151.6380,90.6084,75.4730,12.0662,1.7099,2.0102,193.6100,73.2505,21.9216,6.5728,5.8047
151.7904,93.2601,78.2720,12.3903,1.6932,2.1091,204.4536,81.8631,17.0943,6.7344,5.7811
151.9428,93.3034,78.4166,12.2161,1.6818,2.1520,212.4060,79.6240,25.3431,6.6404,2.9066
152.0952,91.5820,76.8277,11.7761,1.6668,2.1465,211.8199,63.5706,14.4608,2.3283,7.9607
152.2476,88.6906,73.6797,11.2254,1.6958,2.0720,205.8429,67.9535,12.1567,4.8476,4.6014
152.4000,91.3645,74.0607,11.4501,1.9549,2.0497,191.8136,73.3083,20.2815,3.8692,2.3205
152.5524,91.9144,72.8418,11.4422,2.1547,1.9803,210.6236,73.5000,23.9373,4.4022,5.7364
152.7048,92.3495,71.6358,11.4244,2.3401,1.9136,187.0275,74.2651,19.8907,1.9649,6.4863
152.8572,90.3941,69.2447,11.1788,2.3893,1.8229,189.1957,65.2184,21.8205,2.8907,5.7090
153.0096,93.5363,71.1134,11.7157,2.5332,1.8256,196.1888,59.6019,24.5704,3.7608,6.5814
153.1620,94.1331,72.6845,12.0723,2.4231,1.8466,218.2806,64.4371,26.2245,3.8223,6.2809
153.3144,91.9787,71.9822,11.9034,2.2591,1.8391,208.3735,58.5319,24.7496,4.8826,1.1487
153.4668,84.8797,68.6194,11.2649,1.8370,1.7695,183.5301,69.3669,17.8907,1.8535,4.7423
153.6192,78.0574,63.2580,10.2872,1.6719,1.6505,164.3274,64.7338,19.6402,0.9532,6.5310
153.7716,73.1358,58.8712,9.4595,1.6115,1.5586,153.1953,55.4511,13.1579,1.8797,2.8195
153.9240,71.4541,57.6045,9.0784,1.5646,1.5602,149.3661,54.4856,13.1517,1.8790,1.8790
154.0764,75.1146,61.3016,9.6240,1.5605,1.6677,152.2556,53.5721,12.2191,4.6993,5.6389
154.2288,79.7300,64.7401,10.1587,1.6935,1.7622,151.3161,63.9107,29.1346,5.6390,2.8195
154.3812,87.5692,68.0820,10.6697,2.2015,1.8558,155.8708,78.8731,17.8404,4.6949,2.8171
154.5336,92.7199,69.0018,10.7374,2.6795,1.8960,193.4283,76.0556,17.8404,5.6340,6.5726
154.6860,97.2761,70.1353,10.9091,3.0662,1.9281,211.3170,64.0963,18.0273,9.0131,4.0061
154.8384,94.9224,68.9159,10.7865,2.9380,1.8813,212.3044,66.6987,22.5457,2.8183,5.6364
154.9908,88.8150,64.8857,10.2046,2.7034,1.7616,182.1588,77.9334,20.6570,4.6948,5.6337
155.1432,86.1518,63.0987,9.9064,2.6044,1.7165,169.1745,62.9700,15.9780,4.6992,4.6991
155.2956,86.8739,62.8729,9.7819,2.7115,1.7280,195.4898,64.8496,25.3756,4.6992,2.8195
155.4480,89.2931,65.0007,10.1115,2.7444,1.7867,213.3443,63.9103,19.7369,3.7592,2.8197
155.6004,89.2788,66.4597,10.1958,2.5779,1.8550,187.1178,72.4028,20.6866,0.9406,5.6417
155.7528,85.2306,64.2283,9.7654,2.3727,1.8101,184.0379,78.8720,23.4737,6.5725,5.6336
155.9052,83.1006,63.9253,9.5462,2.1663,1.8358,189.6718,58.2156,15.9626,1.8783,1.8779
156.0576,82.7185,64.7017,9.5019,2.0354,1.8898,193.4293,55.4009,16.9012,4.6944,1.8781
156.2100,82.8983,67.0101,9.4893,1.7949,2.0267,210.3361,70.7028,15.0245,0.8839,3.5354
156.3624,84.0054,69.5545,9.5927,1.6326,2.1545,176.5287,72.2982,16.9020,1.8782,5.6338
156.5148,82.5958,69.0730,9.3444,1.5277,2.1755,200.3756,53.6237,21.6366,3.7628,5.6439
156.6672,87.3433,72.2342,9.7521,1.7069,2.2790,194.6436,68.6419,19.7463,2.8206,1.8809
156.8196,88.2018,72.1401,9.7797,1.8145,2.2681,221.8035,73.3060,21.6162,0.9401,4.6992
156.9720,88.6499,72.7172,10.0802,1.8000,2.2423,213.8825,54.4099,18.7616,2.8143,4.6904
157.1244,87.3446,71.0261,10.0663,1.8435,2.1466,204.1532,61.8670,17.6766,3.5348,4.4188
157.2768,87.8676,69.5863,9.9422,2.0653,2.0872,199.0614,79.8118,25.3510,0.9392,3.7558
157.4292,85.3591,65.5843,9.4514,2.2340,1.9512,202.0647,76.1264,15.9778,2.8194,2.8195
157.5816,84.0202,65.0587,9.5498,2.1421,1.9011,177.6319,64.8519,18.7978,1.8798,2.8196
157.7340,87.8854,68.9245,10.4119,2.1421,1.9559,180.4558,83.1482,25.6530,2.6539,3.5382
157.8864,88.9691,69.7976,10.7087,2.1659,1.9480,218.8788,76.0898,30.9985,4.6967,2.8187
158.0388,90.9223,69.1756,10.7192,2.4568,1.9097,191.5495,57.2800,15.0244,1.8784,6.5723
158.1912,84.8445,62.5580,9.7869,2.5178,1.7086,193.5452,82.1902,22.9777,5.3027,2.6516
158.3436,87.0588,62.1921,9.8448,2.8093,1.6759,167.1402,69.4820,17.8404,5.6338,4.6949
158.4960,88.9824,60.0656,9.6992,3.2668,1.5808,200.6199,56.5638,17.6757,5.3027,5.3029
158.6484,90.6308,59.5028,9.7286,3.5166,1.5422,210.7221,70.5534,17.8739,5.6440,6.5847
158.8008,92.3813,58.7773,9.8583,3.7963,1.4743,191.9513,57.4986,17.6907,2.6541,2.6536
158.9532,90.6209,57.0896,9.7920,3.7881,1.3891,198.4950,73.3764,13.1703,5.6443,1.8819
159.1056,91.6227,57.4174,10.0334,3.8643,1.3605,199.9096,66.3419,13.2694,4.4227,5.3077
159.2580,88.3599,55.6298,9.8536,3.6976,1.2920,183.9497,62.8820,20.6467,3.7542,7.5078
159.4104,88.7803,56.0995,10.2434,3.6920,1.2423,171.4574,68.9344,13.2576,4.4191,4.4190
159.5628,88.2923,54.8867,10.2072,3.7739,1.1788,200.6167,63.6328,20.3265,6.1859,5.3025
159.7152,89.7150,55.9402,10.4277,3.8156,1.1966,184.8738,67.2267,15.9225,1.7697,3.5381
159.8676,86.4446,53.6962,9.8748,3.6997,1.1752,183.9890,65.4579,18.5754,6.1915,2.6538
160.0200,86.0022,53.1460,9.7242,3.7118,1.1729,180.4498,66.3433,15.0380,2.6542,3.5381
160.1724,88.1981,53.3075,9.6649,3.9417,1.1940,169.5935,74.3523,18.3795,6.6830,2.5069
160.3248,90.8941,54.9465,9.9690,4.0611,1.2294,192.9808,72.6820,20.0502,3.3421,7.5186
160.4772,94.0103,59.6767,10.6817,3.8788,1.3639,179.4095,75.1226,20.3267,7.0699,6.1860
160.6296,94.5680,62.9920,11.1213,3.5672,1.4701,192.9850,83.5393,17.5445,4.1768,2.5067
160.7820,94.8833,64.8897,11.1985,3.3885,1.5654,213.6876,60.1020,22.5364,1.6697,5.8430
160.9344,94.3239,63.9446,10.7510,3.4320,1.5988,197.9958,75.1877,13.3667,3.3418,5.0124
161.0868,91.5737,62.8932,10.2479,3.2401,1.6370,204.6754,72.6820,13.3680,4.1767,4.1771
161.2392,87.7311,62.3165,9.9205,2.8712,1.6682,180.2246,75.0924,23.3622,0.8347,4.1718
161.3916,84.8978,63.3565,10.0087,2.4336,1.7113,174.6058,63.4913,20.8849,3.3421,3.3415
161.5440,85.3089,65.1998,10.3675,2.2718,1.7477,196.3237,57.6456,15.8733,6.6831,1.6711
161.6964,89.3951,71.1918,11.3531,2.0565,1.9018,192.9842,70.1764,18.3794,4.1771,4.1772
161.8488,90.7842,72.8001,11.5971,2.0317,1.9473,207.3591,78.3537,18.9944,3.9572,4.7489
162.0012,90.3968,72.5915,11.4773,2.0115,1.9588,196.1601,77.6288,15.0260,3.3385,6.6776
162.1536,86.5613,68.9147,10.8094,1.9936,1.8767,194.6533,72.6807,22.5556,0.0004,5.0123
162.3060,84.7574,67.3155,10.5498,1.9705,1.8349,194.6519,64.3278,15.8738,3.3419,3.3419
162.4584,85.2591,68.8770,10.7796,1.8507,1.8804,182.9591,66.8344,22.5570,5.0123,5.0121
162.6108,85.8837,70.9755,10.9861,1.6842,1.9618,197.1598,71.8455,27.5680,3.3413,1.6713
162.7632,83.9308,70.5745,10.7857,1.5089,1.9781,198.8286,65.1626,20.0492,0.0002,5.0126
162.9156,76.6955,65.0235,9.9706,1.3186,1.8159,183.6349,62.6042,12.5213,1.6696,5.8429
163.0680,74.9159,63.2300,9.7484,1.3202,1.7554,147.0386,61.8214,15.8730,2.5065,4.1771
163.2204,75.8884,64.2518,9.9882,1.3146,1.7675,182.9589,63.4918,15.8724,4.1769,4.1773
163.3728,82.0883,69.8705,10.7941,1.3803,1.9354,195.4127,61.7081,11.0775,2.3737,5.5377
163.5252,82.2980,69.5183,10.6665,1.4438,1.9401,206.3459,55.1398,23.3906,5.0125,3.3416
163.6776,85.7584,71.2650,10.8145,1.6374,2.0126,179.4695,70.9519,13.3558,5.0080,2.5045
163.8300,86.1083,70.4428,10.5230,1.7698,2.0223,209.6880,73.5173,15.0384,2.5063,5.0125
163.9824,88.1743,71.1139,10.5121,1.9274,2.0635,186.4556,75.2496,21.7391,2.5085,5.0168
164.1348,88.7784,72.5155,10.6306,1.8373,2.1217,192.9862,65.1626,21.7210,3.3415,5.8480
164.2872,90.0628,73.0089,10.8007,1.9266,2.1169,223.8900,62.6583,21.7213,1.6709,5.8474
164.4396,88.4837,71.4446,10.5757,1.9249,2.0702,198.6645,75.9573,24.2050,2.5044,1.6700
164.5920,87.1130,68.0846,10.0751,2.1497,1.9735,199.3319,54.2139,7.5084,4.1702,5.8378
164.7444,86.2507,67.2046,9.7861,2.1517,1.9794,191.9885,70.9504,25.0409,5.0084,2.5043
164.8968,91.0917,68.7225,9.8873,2.5271,2.0478,207.1848,60.9876,18.3797,5.8478,3.3419
165.0492,88.5384,65.6161,9.4406,2.5896,1.9552,208.3648,76.1481,21.7574,4.1841,5.0208
165.2016,87.2312,63.8204,9.2489,2.6448,1.8885,180.4508,55.1396,22.5568,4.1769,4.1769
165.3540,86.7816,64.6549,9.4438,2.4997,1.8986,177.7989,69.2835,25.8763,2.5043,2.5043
165.5064,90.3478,67.5751,9.8495,2.5727,1.9884,198.6652,80.1330,24.2061,3.3388,3.3389
165.6588,95.6135,69.3544,10.0935,2.9666,2.0438,204.5082,75.9594,16.6936,2.5041,3.3389
165.8112,96.0829,65.2824,9.5945,3.4796,1.9053,199.5826,93.5260,29.2265,1.6707,4.1757
165.9636,96.2441,62.4922,9.3594,3.8130,1.7893,200.5017,76.0231,20.8855,5.8472,6.6830
166.1160,93.8661,59.5320,8.9190,3.8788,1.7040,204.4240,73.4513,20.3545,0.0008,3.5398
166.2684,92.3794,59.0906,8.9526,3.7607,1.6716,197.9133,73.4859,24.2162,6.6800,3.3405
166.4208,92.8613,60.2760,9.1604,3.6812,1.6996,206.3489,69.3407,16.7088,1.6715,5.0120
166.5732,91.9294,59.5914,9.1518,3.6533,1.6614,203.6726,75.1240,20.0328,6.6777,0.8353
166.7256,90.4746,57.9568,8.9517,3.6736,1.6058,202.0013,65.1080,15.0258,5.8431,5.8432
166.8780,91.1284,55.8856,8.7892,3.9815,1.5173,185.3114,60.9361,20.8684,5.8427,6.6774
167.0304,91.3125,53.9983,8.7907,4.2155,1.4071,206.3486,71.0097,23.3912,2.5066,3.3417
167.1828,92.5075,53.1349,8.9075,4.4480,1.3337,201.3354,61.8221,18.3789,5.0125,3.3418
167.3352,93.0539,52.0627,8.9910,4.6309,1.2547,190.6387,69.3975,15.0503,5.0169,4.1803
167.4876,96.8886,53.1092,9.3023,4.9459,1.2541,217.6034,65.4590,15.9224,6.1915,1.7695
167.6400,99.1466,52.0862,9.2468,5.3165,1.2055,222.0358,75.9576,17.5297,2.5043,5.0082
167.7924,93.4240,47.9960,8.5676,5.1321,1.1016,214.5185,56.7612,21.7019,3.3394,4.1736
167.9448,92.8715,46.2563,8.2891,5.2662,1.0553,167.7835,55.9298,14.1909,7.5121,4.1739
168.0972,91.8859,47.7078,8.5170,4.9909,1.0948,199.6650,82.7062,19.2149,4.1769,6.6828
168.2496,98.1993,52.1067,9.1860,5.2072,1.2187,192.9841,77.6932,20.8856,2.5071,1.6713
168.4020,94.4930,50.8551,8.8877,4.9299,1.2048,206.3470,69.3398,21.7203,9.1891,5.0123
168.5544,96.0410,50.7519,8.7667,5.1164,1.2227,187.9713,67.6699,15.8738,5.0126,3.3419
168.7068,97.6226,50.9598,8.7611,5.2716,1.2359,199.4993,73.4577,22.5372,5.8432,5.0082
168.8592,101.6308,53.3077,9.0962,5.4592,1.3064,200.2507,89.2772,19.1909,6.6747,4.1720
169.0116,98.4795,52.5259,8.9956,5.1915,1.2808,203.6708,80.1324,20.8671,4.1731,5.0082
169.1640,95.4245,50.4526,8.6212,5.0806,1.2341,187.1339,71.0111,12.5329,0.0010,4.1767
169.3164,99.4756,50.9327,8.8773,5.4840,1.2114,182.3879,72.5990,25.6743,7.9678,0.8860
169.4688,102.6460,50.9852,8.8320,5.8363,1.2234,233.9133,76.8581,19.2155,5.0122,5.8476
169.6212,104.2401,51.3587,8.9541,5.9741,1.2210,194.6545,71.0106,25.8972,2.5065,3.3419
169.7736,97.5503,48.4303,8.4708,5.5492,1.1460,204.5062,68.4466,18.3640,4.1739,5.0082
169.9260,96.1422,47.2173,8.4678,5.5272,1.0760,193.6562,61.7707,19.1984,6.6773,4.1735
170.0784,93.7631,46.8590,8.4769,5.2989,1.0533,194.6511,71.0110,16.7098,2.5065,3.3417
170.2308,89.9690,45.8352,8.3027,4.9859,1.0281,176.2723,71.8451,27.5679,4.1773,3.3418
170.3832,90.5937,48.9617,8.7821,4.7033,1.1154,162.0765,61.8223,19.2149,5.8477,4.1770
170.5356,92.0141,50.8720,9.1251,4.6479,1.1589,200.3339,70.9514,20.8674,4.1741,3.3392
170.6880,99.2382,54.7062,9.8111,5.0309,1.2466,200.6207,69.8190,15.0253,7.9539,6.1858
170.8404,100.7738,56.4352,10.1581,5.0090,1.2787,217.0258,70.9530,23.3720,6.6778,0.8353
170.9928,98.1171,55.9646,10.0806,4.7621,1.2666,196.3219,82.7050,20.8854,6.6831,5.8475
171.1452,94.9865,57.2554,10.4153,4.2626,1.2756,177.9468,68.5057,20.0488,4.1770,2.5069
171.2976,93.3391,58.1585,10.7289,3.9745,1.2662,193.8205,77.6919,9.1905,3.3418,7.5183
171.4500,94.7735,60.6521,11.3199,3.8548,1.2946,215.7155,58.5301,15.8861,4.1812,3.3446
171.6024,94.6843,61.0574,11.4899,3.7989,1.2846,186.6430,72.5342,14.1538,8.8449,4.4230
171.7548,91.2381,57.8314,11.0383,3.7740,1.1860,186.1422,71.7855,20.8672,2.5042,5.8430
171.9072,89.4799,56.1693,10.8933,3.7632,1.1178,175.2920,65.1094,13.3559,2.5042,5.0084
172.0596,92.0833,58.2343,11.2781,3.8240,1.1620,173.7718,72.6825,15.8736,2.5066,5.8478
172.2120,96.9186,64.2031,12.1238,3.6960,1.3425,206.8051,79.5407,20.3271,5.3027,4.4188
172.3644,99.5470,70.0662,12.9168,3.3305,1.5272,206.1743,81.8029,20.8689,5.0083,3.3394
172.5168,97.8844,73.6742,13.3113,2.7351,1.6593,184.4002,80.9327,27.5342,5.0067,7.5092
172.6692,97.3996,77.1096,13.9010,2.2922,1.7428,209.6908,65.9992,25.8979,8.3537,5.8484
172.8216,96.2918,77.0722,13.8175,2.1713,1.7572,208.7561,73.4179,24.7669,4.4228,9.7301
172.9740,98.1404,77.9552,14.0035,2.2804,1.7718,199.8351,66.0546,17.5587,4.1808,9.1966
173.1264,96.5979,76.6883,13.5366,2.2492,1.7903,218.8779,75.1895,19.2135,5.8473,3.3418
173.2788,97.1872,77.6555,13.6430,2.2065,1.8256,197.1604,87.7178,9.1904,0.8358,4.1770
173.4312,93.3576,74.8521,13.0292,2.0906,1.7837,203.9739,75.0540,15.0109,3.5320,3.5321
173.5836,96.0028,75.7868,13.0910,2.2838,1.8259,207.0120,65.1102,14.1930,3.3391,4.1736
173.7360,93.0250,72.6208,12.3832,2.3051,1.7814,209.6887,78.5269,35.9212,5.0122,4.1775
173.8884,95.2699,74.6112,12.5548,2.3339,1.8634,191.9539,55.7294,20.3450,2.6537,7.0762
174.0408,93.4556,72.2625,12.1729,2.3942,1.8022,220.3678,70.9510,20.8678,2.5042,4.1738
174.1932,95.4329,72.9905,12.1722,2.5354,1.8447,224.7242,66.0002,18.3792,2.5064,5.8481
174.3456,91.5348,67.9381,11.1630,2.6658,1.7499,190.0137,81.3064,17.6753,3.5353,7.0697
174.4980,89.9873,65.6093,10.5038,2.7540,1.7446,193.6558,68.4490,15.0257,5.0085,2.5045
174.6504,88.7777,64.1519,10.1103,2.7820,1.7375,190.8960,81.3071,20.3273,6.1861,5.3025
174.8028,90.3175,64.7961,10.1503,2.8832,1.7671,181.9726,74.2893,22.5366,3.3391,3.3392
174.9552,89.3469,63.0073,9.8267,2.9757,1.7269,203.8421,64.3274,15.0378,5.0125,5.8477
175.1076,92.0163,63.8004,9.8153,3.1876,1.7754,197.2586,63.6892,16.8081,4.4225,3.5381
175.2600,94.8029,65.7797,10.0302,3.2788,1.8482,203.6741,68.4477,28.3798,1.6701,2.5043
175.4124,94.3827,65.2068,9.8783,3.2961,1.8448,214.0599,70.7656,21.2296,7.0762,3.5383
175.5648,99.0395,67.2829,10.2447,3.5876,1.8933,176.1345,74.2916,21.7026,4.1737,4.1737
175.7172,95.3807,62.4234,9.5298,3.7233,1.7516,238.6149,83.0746,19.4430,4.4186,4.4184
175.8696,97.2153,61.7624,9.4786,4.0052,1.7232,186.1469,75.1224,17.5300,1.6698,0.0006
176.0220,90.6494,57.3183,8.8787,3.7655,1.5830,212.9893,52.1451,23.8614,4.4186,5.3029
176.1744,93.4099,60.8777,9.2963,3.6752,1.7078,194.4913,67.6140,17.5302,1.6701,6.6775
176.3268,94.5993,63.7572,9.6991,3.4843,1.7958,198.6658,78.4648,25.8751,6.6776,4.1737
176.4792,96.7917,65.7148,9.8172,3.5108,1.8865,209.4550,83.9590,15.0258,5.3029,4.4186
176.6316,95.0266,64.2036,9.5511,3.4821,1.8511,197.0829,81.3076,27.3964,7.0695,1.7677
176.7840,97.1337,64.5707,9.6092,3.6787,1.8610,192.1497,77.6952,20.0505,0.8355,2.5067
176.9364,98.7044,65.1824,9.7818,3.7871,1.8625,214.0650,85.8022,22.9982,1.7692,6.1917
177.0888,99.0142,63.4433,9.6575,4.0185,1.7858,217.2082,81.0338,19.2149,2.5065,4.1770
177.2412,97.9202,61.7119,9.4356,4.0905,1.7288,205.0389,63.6338,21.2105,4.4192,3.5354
177.3936,94.8053,60.5987,9.5482,3.8644,1.6417,216.0117,75.8948,19.1829,6.6722,5.8381
177.5460,94.4460,62.3042,10.0414,3.6311,1.6435,202.3851,60.9817,21.2105,6.1863,5.3029
177.6984,90.3789,61.5584,10.1369,3.2559,1.5812,192.8341,66.3426,18.5761,4.4223,7.0760
177.8508,90.0871,61.9516,10.2997,3.1785,1.5719,185.4659,68.5042,20.8844,0.0003,2.5064
178.0032,92.1170,65.3015,10.8626,3.0294,1.6558,203.4491,65.4599,11.5004,2.6538,3.5382
178.1556,93.8811,69.3573,11.6708,2.7705,1.7322,197.8288,82.6366,20.0337,3.3391,3.3390
178.3080,97.4233,73.1622,12.4481,2.7408,1.8001,190.0168,73.3535,22.9783,5.3027,4.4188
178.4604,96.6142,71.0209,12.3729,2.8913,1.6903,219.1759,69.8203,22.9769,5.3023,3.5350
178.6128,97.3490,68.4356,12.2015,3.2664,1.5736,201.1695,81.8014,10.8518,1.6701,2.5041
178.7652,93.9125,62.8510,11.4489,3.5091,1.3972,208.5710,68.9349,14.1406,7.0698,1.7679
178.9176,94.1743,61.5566,11.3322,3.6849,1.3448,194.4088,67.5856,15.0192,3.3375,4.1728
179.0700,98.6808,62.3299,11.5293,4.1067,1.3509,186.7298,76.9923,18.5844,3.5398,11.5037
179.2224,98.3832,59.5225,10.9896,4.3902,1.2941,220.4469,86.7621,21.2478,3.5411,5.3123
179.3748,99.6798,57.3307,10.7490,4.7843,1.2140,182.9595,71.0114,16.7084,0.8359,6.6835
179.5272,98.1951,54.1677,10.3820,4.9739,1.1024,200.6203,75.1225,16.7917,4.4186,7.9536
179.6796,101.8660,55.0258,10.9038,5.2917,1.0492,214.2550,83.3670,15.0064,1.6678,4.1687
179.8320,103.5368,55.5561,11.1280,5.4205,1.0358,206.8973,74.2712,15.9158,5.3049,6.1889
179.9844,102.8988,52.7878,10.7534,5.6612,0.9486,212.7087,79.4345,21.1826,4.4133,3.5304
180.1368,102.9353,50.9741,10.3845,5.8702,0.9159,205.5142,74.3518,20.0497,6.6833,3.3419
180.2892,98.0464,48.3092,9.7777,5.6189,0.8806,208.8446,68.1425,16.8144,6.1946,5.3094
180.4416,96.0612,49.3445,9.7502,5.2777,0.9464,168.0623,75.1888,18.5761,5.3073,2.6534
180.5940,97.1636,50.3416,9.7251,5.2896,1.0094,186.9026,75.9289,18.3563,5.8408,4.1718
180.7464,99.0221,50.0728,9.6864,5.5299,1.0014,206.0100,81.3441,18.5674,7.0730,3.5365
180.8988,97.8676,48.6876,9.4454,5.5560,0.9683,186.9010,82.6019,16.6872,4.1717,1.6692
181.0512,97.0763,48.1105,9.3701,5.5318,0.9496,192.6669,71.5872,14.1405,2.6518,5.3028
181.2036,97.9581,47.1030,9.1925,5.7452,0.9261,211.5031,77.8759,14.1593,6.1946,6.1944
181.3560,101.8059,47.2469,9.1878,6.1637,0.9354,200.4192,75.9912,14.1977,5.8452,4.1753
181.5084,99.8046,44.9717,8.8219,6.1946,0.8752,213.8729,72.4698,26.5127,3.5360,3.5347
181.6608,98.5352,45.8862,8.9359,5.9479,0.9059,193.6339,69.8505,20.3357,10.6092,0.0002
181.8132,98.0688,47.3271,9.0667,5.7324,0.9640,192.9039,76.8266,18.3727,3.3404,1.6707
181.9656,99.7875,49.9643,9.5020,5.6287,1.0315,209.4587,76.0045,27.3956,4.4187,6.1861
182.1180,102.6226,52.5101,9.8910,5.6613,1.1029,227.8798,69.2822,14.1907,2.5043,3.3390
182.2704,100.6238,53.3236,9.9854,5.3436,1.1316,228.0145,69.8175,17.6759,3.5355,4.4193
182.4228,96.9006,54.4223,10.0418,4.7989,1.1844,216.5230,59.2155,19.4430,6.1858,7.9541
182.5752,95.4275,55.3969,10.1366,4.5224,1.2224,186.1472,75.9590,17.5293,0.8353,8.3467
182.7276,94.9822,57.5498,10.4342,4.2288,1.2890,215.6414,68.0523,18.5589,5.3026,3.5350
182.8800,97.0642,59.0009,10.5837,4.3001,1.3440,203.4480,76.9567,14.1542,4.4231,2.6541
183.0324,93.5614,56.0191,10.1060,4.2413,1.2647,188.4949,73.4502,23.8927,7.0795,6.1942
183.1848,90.4460,54.0617,9.7356,4.1104,1.2240,182.8819,64.2994,15.0321,5.8451,2.5058
183.3372,87.1515,53.7562,9.7360,3.7728,1.2061,189.8454,53.8635,21.1924,2.6493,7.0635
183.4896,90.6012,58.9502,10.5113,3.5757,1.3553,189.1319,56.5652,23.8610,5.3031,2.6517
183.6420,93.5301,62.6867,11.1115,3.4845,1.4543,208.5723,82.1906,15.0255,8.8372,5.3028
183.7944,96.4151,65.2558,11.3909,3.5202,1.5487,205.5145,72.6818,25.0621,3.3417,5.8477
183.9468,97.3702,65.8446,11.3062,3.5615,1.5997,211.5051,73.4522,20.3538,3.5400,3.5401
184.0992,94.9618,61.8214,10.5148,3.7440,1.5218,217.4072,80.4234,18.5593,5.3024,6.1862
184.2516,95.0628,60.8567,10.2797,3.8644,1.5121,190.2384,73.4264,17.5225,2.5031,4.1725
184.4040,92.5817,59.1321,9.9169,3.7789,1.4834,195.5773,84.0696,22.1226,2.6554,8.8486
184.5564,94.6151,61.6782,10.2765,3.7210,1.5606,212.2973,74.3029,11.4990,7.0761,0.8847
184.7088,96.2411,63.6406,10.4999,3.6830,1.6307,227.1306,69.8210,8.8399,3.5349,1.7677
184.8612,95.0867,61.2847,10.1815,3.8187,1.5565,214.7595,87.4901,25.6283,1.7680,2.6517
185.0136,94.5541,59.9348,10.0967,3.9110,1.4946,217.2167,51.2162,14.1297,5.2977,5.2978
185.1660,93.3697,58.2047,9.8282,3.9727,1.4469,202.3877,68.0514,27.3972,2.6513,3.5354
185.3184,94.9126,59.7063,10.1014,3.9774,1.4804,214.8800,69.3999,26.7555,2.5088,5.8526
185.4708,94.8106,59.5122,9.9692,3.9878,1.4952,191.0665,84.9167,23.8830,6.1918,3.5384
185.6232,93.9127,57.1518,9.5612,4.1530,1.4384,196.2022,72.4693,22.0938,5.3024,4.4189
185.7756,92.8052,55.5994,9.1526,4.2032,1.4288,216.5248,65.4003,15.9082,2.6515,4.4191
185.9280,92.1573,52.5238,8.5357,4.4775,1.3716,200.6169,68.9360,16.7925,3.5352,6.1859
186.0804,91.2033,53.7879,8.5999,4.2269,1.4325,186.4802,76.8883,22.0938,4.4188,1.7680
186.2328,96.0435,58.6296,9.3082,4.2267,1.5745,203.2735,70.7036,15.9087,3.5355,5.3026
186.3852,94.7021,60.2779,9.6462,3.8890,1.6036,231.7508,78.7245,21.2286,6.1921,4.4227
186.5376,97.3789,59.7779,9.7356,4.2479,1.5569,190.1852,64.5732,13.2692,7.0761,3.5386
186.6900,94.9497,54.6102,9.1568,4.5573,1.3703,222.0229,64.5745,19.4611,3.5387,6.1916
186.8424,99.6816,53.9090,9.2438,5.1710,1.3123,199.7364,75.1215,24.7449,7.0700,3.5354
186.9948,101.2822,52.0448,9.2792,5.5625,1.1967,212.0199,75.1266,16.6954,5.0080,5.8427
187.1472,101.4578,51.3127,9.2593,5.6650,1.1580,211.2235,86.6100,23.8614,1.7680,2.6512
187.2996,100.9390,50.9534,9.2928,5.6470,1.1305,206.8049,81.3077,17.6759,5.3023,1.7678
187.4520,99.1524,49.2041,8.9438,5.6428,1.0976,205.2174,78.7259,19.4610,1.7697,3.5383
187.6044,99.9913,48.2356,8.9872,5.8470,1.0326,192.6702,76.1278,24.4361,6.5784,3.7600
187.7568,100.7782,46.7602,8.8385,6.1025,0.9761,200.7972,76.0726,24.7664,1.7697,8.8450
187.9092,101.9826,47.3277,8.9560,6.1745,0.9859,209.4569,76.8888,13.2573,6.1864,3.5350
188.0616,99.4637,46.6574,8.6103,5.9657,1.0152,212.8013,74.1712,17.6597,5.2983,2.6491
188.2140,98.9318,47.2968,8.4246,5.8333,1.0891,194.4335,66.2843,15.0247,7.9538,3.5350
188.3664,96.9982,46.6073,8.1760,5.6928,1.0981,205.2184,71.6493,18.5760,6.1916,2.6539
188.5188,95.8577,46.8834,8.1140,5.5328,1.1265,200.7935,68.1125,19.4592,3.5386,4.4229
188.6712,94.0304,47.3138,8.2741,5.2777,1.1199,179.6485,76.9902,9.7357,6.1939,5.3093
188.8236,89.9778,47.7453,8.3684,4.7711,1.1264,200.4379,68.8742,19.4253,0.0004,1.7664
188.9760,88.2491,47.5564,8.4651,4.5972,1.0963,170.5694,68.9337,13.2579,3.5358,5.3026
189.1284,90.7837,49.4269,8.8397,4.6722,1.1311,165.1274,58.2793,22.9572,8.8298,4.4150
189.2808,94.5479,49.2952,8.9597,5.1123,1.0997,214.0612,68.1119,15.9229,7.0763,4.4226
189.4332,99.4985,50.7870,9.2826,5.5031,1.1228,186.0915,71.4298,21.6165,5.6386,2.8197
189.5856,97.2234,49.9337,9.1911,5.3424,1.0912,196.3736,81.3779,21.2295,1.7697,4.4226
189.7380,99.7491,53.4783,9.5978,5.2273,1.2172,198.8543,64.5167,21.2114,6.1860,2.6513
189.8904,96.4665,53.8598,9.4611,4.8134,1.2665,225.3611,68.9344,26.5120,2.6518,2.6517
190.0428,96.6933,53.4900,9.3093,4.8808,1.2749,197.2570,63.6901,14.1544,6.1916,5.3076
190.1952,93.6722,52.5154,8.9964,4.6496,1.2800,190.0155,76.0048,25.6287,3.5350,7.0699
190.3476,99.2813,55.7098,9.6030,4.9224,1.3462,208.5751,71.5886,17.6754,2.6513,4.4192
190.5000,100.5355,56.9005,9.6939,4.9296,1.3975,228.2140,89.3402,15.9234,2.6542,7.0760
190.6524,101.7426,56.3762,9.6191,5.1252,1.3818,198.8766,82.5513,26.2650,6.5660,2.8141
190.8048,95.7761,52.9520,8.8719,4.8379,1.3301,217.4070,80.4231,15.0243,1.7679,1.7683
190.9572,94.9687,53.1571,8.7610,4.7236,1.3639,188.2484,71.5876,15.0243,4.4189,7.9534
191.1096,94.2271,52.4163,8.6714,4.7235,1.3385,210.7115,81.4513,15.0514,4.4267,2.6565
191.2620,97.2645,52.0640,8.8198,5.1064,1.2886,201.2244,76.1627,18.8057,3.7611,6.5813
191.4144,96.9086,49.7347,8.7457,5.3294,1.1676,217.6008,68.9968,17.6913,3.5383,0.8847
191.5668,96.8095,49.6266,8.8621,5.3304,1.1383,201.3258,75.0534,17.6597,3.5325,1.7662
191.7192,100.0346,49.8875,8.9694,5.6652,1.1323,212.1111,60.0985,15.0252,7.9533,3.5353
191.8716,104.3450,50.9990,9.1673,6.0266,1.1579,238.6199,70.7046,22.0941,1.7679,5.3027
192.0240,106.1082,48.4843,8.6836,6.5099,1.1071,227.3302,86.6870,18.5762,4.4230,5.3071
192.1764,102.2221,45.9337,8.1147,6.3591,1.0710,203.7578,84.5049,21.5956,5.6335,2.8168
192.3288,96.5344,42.9711,7.4048,6.0512,1.0388,219.3671,67.2284,15.9228,3.5386,1.7697
192.4812,94.5178,42.9515,7.2346,5.8256,1.0713,179.5698,79.6098,21.2292,6.1916,6.1913
192.6336,93.9689,43.6400,7.2360,5.6858,1.1111,205.9197,71.5864,18.5600,3.5357,0.8843
192.7860,96.1919,44.6967,7.2569,5.8175,1.1685,192.6648,71.5879,22.9779,7.9544,5.3026
192.9384,98.1686,45.8850,7.4989,5.9066,1.1899,194.3688,83.5670,19.7184,11.2666,4.6947
193.0908,94.6328,44.4265,7.2889,5.6719,1.1465,215.6386,75.1204,20.3264,2.6512,3.5355
193.2432,91.8407,44.7343,7.3572,5.3217,1.1509,180.2940,66.2831,15.0247,1.7682,6.1859
193.3956,86.6463,43.5082,7.0298,4.8734,1.1442,199.7335,61.8646,18.5591,7.0697,1.7679
193.5480,93.5629,47.1137,7.4510,5.2475,1.2709,188.5848,60.2059,15.9364,2.6559,4.4262
193.7004,96.3714,48.1079,7.5413,5.4525,1.3110,236.0098,78.9855,16.9250,1.8805,0.0003
193.8528,101.8366,51.5598,8.1319,5.6799,1.3953,208.7581,87.5697,15.0392,0.8850,2.6537
194.0052,96.5507,52.2493,8.2457,5.0049,1.4129,216.3314,69.7580,28.2550,4.4148,2.6493
194.1576,93.0785,54.5311,8.7038,4.3548,1.4552,182.0605,76.8881,19.4422,2.6515,5.3026
194.3100,90.5234,55.5557,8.9215,3.9504,1.4719,192.4890,68.5452,11.2686,3.7556,4.6946
194.4624,90.6669,56.0078,8.9586,3.9155,1.4909,198.1408,73.4187,19.4604,1.7698,2.6539
194.6148,93.0235,56.6035,8.9829,4.1145,1.5208,184.8784,72.5332,19.4600,7.0761,4.4227
194.7672,93.2141,55.6716,8.6498,4.2413,1.5323,221.5934,63.8517,15.9631,3.7558,3.7558
194.9196,93.4653,56.1163,8.7249,4.2194,1.5434,198.1431,79.6082,21.2302,3.5381,3.5383
195.0720,91.1626,53.9781,8.3594,4.2008,1.4911,203.4479,58.3832,26.5356,2.6540,3.5383
195.2244,89.4608,53.7431,8.4590,4.0351,1.4578,188.2438,74.2397,15.9068,5.3030,3.5351
195.3768,90.9049,53.8328,8.5321,4.1881,1.4485,187.7948,73.2402,21.5960,4.6948,2.8173
195.5292,95.9236,56.7186,9.1377,4.4291,1.4969,198.8540,79.5396,19.4440,4.4186,6.1870
195.6816,101.4344,58.6539,9.4956,4.8330,1.5388,222.7133,72.4718,25.6292,1.7678,10.6049
195.8340,98.9632,56.8926,9.1877,4.7528,1.4971,223.7850,85.5641,21.6262,3.7618,6.5816
195.9864,95.0362,55.0474,8.9042,4.5176,1.4457,187.6953,65.5162,17.7071,8.8533,2.6558
196.1388,93.9011,56.4701,9.1318,4.2287,1.4836,200.9770,69.0582,18.5927,7.0825,0.8858
196.2912,96.6413,59.1475,9.5706,4.2358,1.5528,226.5009,78.0077,21.6166,4.6991,4.6989
196.4436,96.2211,59.5751,9.5645,4.1400,1.5789,203.0901,79.4688,22.0743,3.5321,1.7667
196.5960,94.1073,58.4157,9.3564,4.0322,1.5525,199.7377,68.0511,15.9080,4.4189,7.0696
196.7484,94.9178,59.1703,9.4899,4.0385,1.5700,222.7450,66.7293,15.0377,4.6991,1.8798
196.9008,95.4080,59.1086,9.5398,4.1008,1.5566,228.2146,66.3420,15.9231,3.5384,2.6537
197.0532,94.7769,57.6272,9.3798,4.1969,1.5019,203.4481,63.6914,23.8828,4.4229,2.6538
197.2056,95.8393,52.6693,8.7460,4.8770,1.3385,189.8528,86.4650,20.6765,4.6991,3.7593
197.3580,92.8644,47.6027,7.9934,5.1133,1.1922,215.9233,76.9908,19.4685,3.5394,2.6551
197.5104,93.2194,46.2059,7.6561,5.3112,1.1775,167.2980,74.2475,15.0377,0.0005,4.6995
197.6628,92.3972,50.3704,8.1900,4.7479,1.3145,206.1053,68.9959,15.9226,4.4228,7.0762
197.8152,94.5572,54.2735,8.6927,4.5510,1.4424,221.1364,68.1120,19.4610,4.4227,4.4226
197.9676,96.2886,56.2488,9.0860,4.5234,1.4797,183.1034,72.3005,24.4124,3.7559,2.8171
198.1200,94.7541,54.9439,8.9543,4.4975,1.4298,222.7093,72.4705,18.5606,4.4187,4.4189
198.2724,97.0517,57.0083,9.3130,4.5238,1.4791,190.7901,75.1890,28.1947,2.8199,4.6991
198.4248,94.9951,58.1915,9.5041,4.1578,1.5102,195.6643,83.2207,22.1324,5.3121,3.5413
198.5772,93.7895,58.5893,9.6002,3.9767,1.5144,216.2647,66.7606,11.2840,5.6417,2.8211
198.7296,92.8106,59.1139,9.6886,3.8068,1.5275,197.1822,65.7314,15.0232,5.6338,4.6944
198.8820,93.5438,60.9632,9.8877,3.6807,1.5958,190.0145,96.3305,12.3742,5.3024,0.8848
199.0344,97.1533,63.8793,10.2476,3.7591,1.6945,200.0017,81.6904,22.5356,2.8169,9.3888
199.1868,97.3334,63.1193,10.0611,3.8653,1.6871,213.8754,83.9571,25.6285,2.6514,2.6517
199.3392,97.3816,60.8271,9.6302,4.1297,1.6388,214.2843,65.7917,15.9778,2.8197,5.6388
199.4916,93.4357,57.3815,8.9841,4.0731,1.5659,202.5661,84.0308,18.5755,4.4229,3.5379
199.6440,94.5016,59.7849,9.3512,3.9220,1.6332,209.3888,61.0353,15.9628,4.6948,0.9400
199.7964,93.9022,61.1289,9.7374,3.7025,1.6352,202.3880,81.3058,18.5599,4.4189,9.7208
199.9488,94.4521,62.8699,10.1876,3.5679,1.6476,216.8994,62.9119,22.5346,4.6946,2.8174
200.1012,93.6664,63.4026,10.3296,3.4190,1.6505,200.0944,72.3352,17.8491,2.8186,6.5754
200.2536,93.2896,63.3511,10.3044,3.3822,1.6525,203.9502,78.9443,20.6766,5.6386,2.8194
200.4060,95.4364,67.4532,10.8819,3.1613,1.7773,227.2280,53.5244,19.7190,1.8778,1.8782
200.5584,94.8169,66.5354,10.6138,3.1950,1.7768,210.3384,80.4243,25.6292,0.8844,4.4188
200.7108,92.5760,65.8399,10.4585,3.0205,1.7670,195.3058,80.7492,21.5953,5.6337,3.7559
200.8632,91.5343,63.5004,10.0934,3.1671,1.7029,200.9407,64.7885,14.0859,4.6948,3.7558
201.0156,94.4870,66.3889,10.5879,3.1743,1.7734,215.2278,62.9713,25.3758,4.6991,2.8195
201.1680,97.9876,70.6064,11.2268,3.0933,1.8927,233.9089,74.2139,24.4248,3.7577,2.8193
201.3204,99.6373,73.6579,11.5856,2.9350,1.9995,203.0102,79.8871,26.3148,4.6990,11.2777
201.4728,97.9646,75.8382,11.8740,2.4997,2.0695,225.1127,79.0382,18.0094,3.0019,7.0030
201.6252,97.4086,77.1575,12.0669,2.2878,2.1082,226.2893,68.5453,21.5966,6.5725,2.8172
201.7776,97.1059,80.4844,12.6342,1.8778,2.1898,211.4660,74.2509,24.4348,4.6996,5.6390
201.9300,94.5034,78.6736,12.4959,1.7883,2.1117,210.3262,96.7107,14.0857,7.5113,4.6949
202.0824,93.5038,77.2455,12.3511,1.8367,2.0571,190.5734,73.2198,24.0723,4.0120,5.0147
202.2348,93.3024,76.2199,12.2525,1.9299,2.0169,204.6967,74.1795,24.4122,3.7558,1.8785
202.3872,95.7432,79.0594,12.6140,1.8848,2.1108,219.5121,83.4887,16.8860,2.8145,6.5665
202.5396,96.8262,81.4513,12.9075,1.7369,2.1921,218.9852,75.1874,20.6772,4.6990,5.6388
202.6920,93.7683,79.8434,12.6575,1.5731,2.1478,221.0704,70.5541,24.4583,2.8223,2.8226
202.8444,93.5487,78.9607,12.6070,1.6480,2.1064,204.6140,63.1924,18.0543,4.0118,6.0181
202.9968,91.6425,76.5103,12.1932,1.7095,2.0455,205.6328,86.3832,18.7800,1.8777,6.5729
203.1492,92.5038,76.3236,12.0813,1.8279,2.0567,197.7512,72.1642,24.3670,0.0009,7.4979
203.3016,93.2463,77.1407,12.1811,1.8195,2.0846,201.6912,65.6672,21.5760,7.5040,9.3803
203.4540,93.2214,80.7794,12.6808,1.4056,2.1977,223.3345,75.1113,22.0325,2.0034,5.0072
203.6064,92.3086,81.7529,12.8574,1.1925,2.2195,218.9836,63.9102,17.8577,5.6389,2.8194
203.7588,87.1995,78.7989,12.3616,0.9490,2.1455,207.8016,67.7001,22.5677,3.7612,1.8810
203.9112,85.9899,77.6137,12.3029,0.9463,2.0881,184.6482,60.2117,28.0975,4.0140,5.0175
204.0636,88.2729,80.6017,12.7988,0.8666,2.1641,200.6206,68.0528,21.2108,3.5353,4.4187
204.2160,89.4030,82.8714,13.1296,0.7379,2.2309,216.6948,80.6754,21.5756,4.6900,2.8145
204.3684,92.1914,84.1090,13.2659,0.9131,2.2760,191.2905,80.1187,18.0272,1.0021,5.0079
204.5208,88.7493,78.4068,12.3598,1.1684,2.1230,220.6547,67.6046,19.7185,5.6336,8.4500
204.6732,89.4264,74.3925,11.7342,1.6984,2.0129,199.3420,59.2402,21.6258,3.7609,2.8209
204.8256,91.9331,71.1042,11.1144,2.3531,1.9439,201.1297,74.2497,14.0988,1.8802,2.8202
204.9780,97.2835,70.2404,10.9423,3.0551,1.9276,216.9023,87.3217,22.5359,5.6335,8.4507
205.1304,97.6388,68.3905,10.4931,3.3043,1.9087,224.5596,69.1722,28.0682,3.0078,8.0194
205.2828,95.5281,67.1201,10.2927,3.2093,1.8743,209.3891,62.9125,12.2084,5.6338,2.8169
205.4352,91.7569,65.5677,9.9857,2.9587,1.8446,204.5019,76.9216,27.2037,5.6282,2.8152
205.5876,91.7573,64.6459,10.0225,3.0628,1.7836,197.2748,64.8202,20.6667,2.8183,10.3327
205.7400,93.2338,64.3642,10.1610,3.2615,1.7399,189.6763,73.2383,18.7805,3.7558,3.7558
205.8924,95.5296,65.1661,10.5366,3.4302,1.7123,230.0436,63.8515,28.1681,2.8174,2.8170
206.0448,96.3940,65.1952,10.5719,3.5246,1.7070,202.5054,78.1951,21.0519,7.0174,4.0099
206.1972,95.2744,62.0248,10.0527,3.7563,1.6250,195.4900,75.1882,15.0385,5.6388,2.8195
206.3496,94.0866,59.1543,9.5352,3.9464,1.5602,205.6326,76.9950,22.5346,2.8172,2.8169
206.5020,94.6063,58.2320,9.2977,4.1093,1.5534,195.3981,74.2121,17.8487,5.6366,2.8182
206.6544,94.2419,57.2455,9.0967,4.1796,1.5357,205.5129,65.1639,17.0442,7.0170,3.0074
206.8068,94.0980,57.6179,8.9317,4.1213,1.5900,198.3083,73.3088,30.0736,2.8193,1.8802
206.9592,95.9118,59.5048,9.0695,4.1130,1.6726,198.1243,77.9330,16.9026,0.9395,5.6336
207.1116,93.0311,58.1129,8.5938,3.9448,1.6856,216.6942,67.5422,26.2653,5.6289,3.7525
207.2640,91.8772,57.3682,8.3462,3.8986,1.6912,185.9172,67.6054,16.9013,8.4500,4.6948
207.4164,91.9331,56.1588,8.1231,4.0415,1.6648,199.9068,65.6992,15.9550,2.8157,4.6929
207.5688,95.4640,57.6589,8.2954,4.2709,1.7181,205.5127,85.2136,16.0407,4.0100,7.0171
207.7212,94.3988,56.3531,8.0559,4.2981,1.6894,196.4278,90.2229,20.6762,3.7594,3.7589
207.8736,92.8781,56.4729,7.9932,4.1128,1.7088,190.0299,68.6744,16.9334,3.7632,0.0006
208.0260,91.0639,58.2541,8.2430,3.7066,1.7632,203.7553,75.1168,18.7805,5.6336,4.6948
208.1784,93.6320,63.7900,9.0907,3.3713,1.9180,199.4003,70.1395,28.0554,4.0080,4.0084
208.3308,92.6579,64.9958,9.3966,3.1251,1.9277,212.0089,63.7884,22.5137,3.7521,7.5040
208.4832,92.3438,64.7574,9.5596,3.1165,1.8816,223.4710,51.6457,19.7190,1.8780,1.8778
208.6356,93.3981,64.5572,9.5360,3.2582,1.8746,197.3711,72.3678,25.3754,2.8194,0.9405
208.7880,91.3811,63.6232,9.2864,3.1359,1.8696,219.5443,67.1676,21.0528,2.0052,6.0150
208.9404,92.4793,66.0631,9.4506,2.9843,1.9792,182.4211,64.8808,22.5664,3.7611,5.6412
209.0928,90.7096,65.6101,9.1979,2.8356,2.0028,219.9207,70.4912,17.8573,2.8197,0.9398
209.2452,93.4021,67.3568,9.2724,2.9424,2.0898,185.9200,91.0764,18.7790,3.7560,0.9393
209.3976,95.8822,69.1590,9.5317,3.0190,2.1435,222.5364,62.9116,15.9640,4.6948,3.7560
209.5500,96.2985,69.9936,9.8075,2.9717,2.1376,232.3453,69.1037,29.0428,4.0059,5.0076
209.7024,96.1755,71.8039,10.3120,2.7533,2.1433,205.6333,69.4844,22.5348,2.8171,5.6341
209.8548,90.6012,67.2672,9.7394,2.6361,1.9923,201.2203,76.1628,18.8062,4.7017,8.4617
210.0072,93.9894,68.8663,10.2747,2.8382,1.9796,184.0355,69.4827,21.5966,6.5730,0.9380
210.1596,97.0454,69.9463,10.8436,3.0615,1.9300,221.5523,77.1931,22.0571,5.0123,7.0170
210.3120,99.3339,70.2922,11.2676,3.2809,1.8664,208.6456,78.0061,38.5312,2.8201,2.8197
210.4644,98.5458,66.8987,10.9508,3.5753,1.7313,200.0006,66.6686,16.9019,7.5109,3.7562
210.6168,93.9907,61.7805,10.2051,3.6389,1.5807,204.7864,82.6670,20.6678,0.9398,6.5755
210.7692,93.1920,62.0022,10.3458,3.5236,1.5658,167.1414,75.1152,27.2284,3.7560,3.7554
210.9216,85.7562,58.1858,9.7318,3.1147,1.4649,210.5210,57.1431,14.0348,5.0125,0.0007
211.0740,85.6767,57.8292,9.7295,3.1460,1.4446,167.2937,59.2120,11.2797,4.6995,5.6392
211.2264,89.6239,56.5626,9.6291,3.7350,1.3907,171.0592,71.4271,23.4962,6.5786,6.5789
211.3788,94.0641,56.0187,9.6659,4.2981,1.3517,224.6702,59.1788,23.0680,4.0120,6.0178
211.5312,98.9040,56.6649,9.8437,4.7719,1.3542,193.6105,69.5497,13.1587,3.7599,3.7601
211.6836,97.9070,56.7106,9.7913,4.6541,1.3672,205.4421,75.9842,19.6990,7.5042,9.3803
211.8360,97.3269,56.9175,9.9386,4.5652,1.3501,215.0187,69.4838,13.1465,3.7561,4.6946
211.9884,91.9613,54.8447,9.5599,4.1932,1.3043,176.2630,71.1075,21.0314,6.0090,3.0046
212.1408,92.4358,54.7950,9.6071,4.2524,1.2921,164.5567,78.0434,19.7463,5.6415,3.7613
212.2932,92.8767,54.7775,9.5766,4.3042,1.2971,211.4637,71.4286,21.6156,3.7592,4.6991
212.4456,94.6928,56.7361,9.9882,4.2881,1.3298,191.5499,71.3613,14.0846,1.8782,3.7554
212.5980,93.0555,57.0296,9.9952,4.0699,1.3455,196.0989,70.0344,15.0081,4.0021,0.0006
212.7504,93.7338,58.8181,10.1374,3.9445,1.4215,202.8149,64.7900,19.7183,4.6954,4.6945
212.9028,93.6476,56.3875,9.5718,4.2094,1.3918,186.2792,75.1121,20.0298,9.0131,2.0034
213.0552,91.5053,53.5706,8.9760,4.2856,1.3455,184.2957,70.5227,17.8658,5.6415,5.6414
213.2076,93.3616,53.1937,8.6944,4.5379,1.3792,172.9346,77.0677,19.7376,3.7594,2.8202
213.3600,94.1958,52.4609,8.4126,4.7149,1.3923,191.2873,77.1150,26.0381,4.0057,8.0114
213.5124,94.4488,51.9703,8.2275,4.7989,1.4003,194.3663,71.3601,17.8404,1.8778,2.8169
213.6648,96.7798,55.2762,8.7452,4.6888,1.4905,195.3077,60.0969,17.8408,0.9393,2.8172
213.8172,101.1971,59.8458,9.4319,4.6716,1.6209,216.0637,84.5477,21.6064,3.7577,5.6362
213.9696,102.6390,61.3824,9.6670,4.6609,1.6639,214.2827,92.1018,21.6173,4.6992,3.7599
214.1220,98.2098,59.8269,9.4690,4.3362,1.6124,189.8512,63.9092,28.1945,4.6994,7.5182
214.2744,93.6469,58.3598,9.3659,3.9865,1.5474,203.1012,59.0298,20.0102,6.0030,3.0015
214.4268,95.2594,62.5381,10.0402,3.6966,1.6574,199.8129,60.9781,21.5758,5.6283,2.8141
214.5792,93.9789,61.7882,9.9042,3.6367,1.6406,203.7543,81.6880,19.7180,3.7558,1.8782
214.7316,93.3109,62.8970,9.9955,3.4359,1.6871,190.8786,63.9419,16.9254,2.8209,3.7612
214.8840,89.8406,59.7696,9.5225,3.3972,1.5985,186.0895,80.8263,17.8568,2.8201,3.7593
215.0364,88.3937,58.8356,9.5001,3.3393,1.5485,180.4502,74.2470,15.0380,7.5183,2.8199
215.1888,89.7029,59.4123,9.7157,3.4220,1.5395,173.2240,65.4007,18.5600,3.5349,5.3030
215.3412,90.7433,59.6959,9.9183,3.5075,1.5160,194.1845,72.2306,23.4520,1.8767,7.5040
215.4936,94.1552,61.5846,10.3416,3.6796,1.5423,199.0611,55.4004,22.5348,6.5727,1.8783
215.6460,93.9220,59.2362,10.1079,3.9185,1.4517,199.2473,66.7299,18.7974,5.6386,4.6995
215.7984,95.1617,59.5199,10.2496,4.0265,1.4402,192.8348,71.6499,22.1137,1.7699,7.0762
215.9508,95.9395,59.3036,10.2683,4.1388,1.4239,190.8804,73.3419,18.8064,8.4621,4.7013
216.1032,95.1936,60.2993,10.5106,3.9421,1.4340,200.6180,66.2844,23.8607,4.4189,3.5351
216.2556,92.7570,59.4085,10.4644,3.7675,1.3913,195.3141,72.4691,12.3740,4.4188,3.5352
216.4080,88.3805,57.1863,10.1740,3.5241,1.3193,180.1107,63.7905,20.6373,3.7523,3.7526
216.5604,86.4123,57.4962,10.1737,3.2667,1.3374,164.5806,69.3391,15.8730,3.3418,5.8480
216.7128,82.0099,55.4882,9.7419,2.9962,1.3058,184.8690,61.9197,15.9230,4.4225,6.1916
216.8652,77.6818,52.8815,9.2542,2.8017,1.2504,144.5284,63.4902,22.5554,1.6715,3.3418
217.0176,70.2429,47.5676,8.3909,2.5617,1.1116,147.8823,48.2401,14.2351,7.1173,3.9541
217.1700,67.6499,46.8165,8.2450,2.3536,1.0967,129.6499,45.7187,16.3762,6.1409,4.0939
217.3224,62.8547,43.7439,7.6869,2.1590,1.0281,140.4840,49.7652,12.4417,3.1104,2.0738
217.4748,61.9713,42.9724,7.4436,2.1463,1.0312,113.7224,37.5955,12.5315,2.8196,3.7592
217.6272,56.7511,38.7148,6.7088,2.0376,0.9285,118.3526,49.8631,13.8172,3.0038,2.1027
217.7796,57.6288,40.4376,6.9075,1.9421,0.9896,108.1810,35.3731,7.9591,2.0635,1.7689
217.9320,57.3783,41.2539,7.0443,1.8216,1.0101,117.9248,43.3378,10.6136,2.9481,3.8324
218.0844,64.5697,46.9656,7.9317,1.9888,1.1673,119.9746,48.0471,13.5596,2.6530,2.3582
218.2368,72.4047,52.9119,8.8420,2.2021,1.3336,153.2366,47.7400,16.2071,3.2415,2.9469
218.3892,80.0244,57.9329,9.6535,2.4957,1.4656,173.5923,61.2685,13.6156,3.4037,3.6878
218.5416,83.4841,61.1546,10.0533,2.5226,1.5742,173.1615,66.3176,17.8547,2.8340,6.5181
218.6940,78.7747,58.5047,9.5347,2.2900,1.5224,173.5889,69.7751,18.4370,2.2691,4.5383
218.8464,74.1216,56.8697,9.0844,1.9490,1.5162,145.3029,51.2186,17.2577,1.6703,3.8968
218.9988,70.9354,55.6722,8.8145,1.7243,1.4998,146.5225,57.2478,13.3205,3.1175,2.5506
219.1512,74.2370,59.5831,9.4370,1.6555,1.6045,157.1867,54.7597,16.7399,3.1211,2.2702
219.3036,78.7830,63.8061,10.1302,1.6920,1.7135,167.5025,55.9273,16.1384,3.8953,5.0081
219.4560,81.8581,66.6274,10.5413,1.7207,1.7965,176.4547,62.3428,19.2039,3.6180,2.7834
219.6084,81.2485,65.5537,10.2921,1.7731,1.7832,179.9449,57.0162,18.0777,2.7812,4.7280
219.7608,76.5345,61.7513,9.6065,1.6701,1.6973,161.2222,60.6631,14.7565,2.7327,3.8257
219.9132,72.7590,58.9240,9.1385,1.5630,1.6252,144.7684,53.4518,18.0952,3.6189,4.4541
220.0656,72.8247,59.3401,9.1926,1.5234,1.6387,162.9817,50.8982,13.6286,1.9469,2.7813
220.2180,75.6335,60.0687,9.3314,1.7584,1.6537,164.3203,60.9706,17.2249,2.4609,3.2811
220.3704,76.4102,57.3748,8.9863,2.1505,1.5650,167.2695,61.2293,17.5343,4.1746,4.4530
220.5228,73.7940,51.9096,8.2002,2.4723,1.4021,165.5500,54.3640,19.1226,3.0049,3.5516
220.6752,70.6218,46.8551,7.4880,2.6850,1.2486,156.2461,53.1959,15.3179,1.9497,4.7347
220.8276,68.9092,43.4546,6.9687,2.8757,1.1532,160.1388,52.5759,13.1441,2.9508,4.2917
220.9800,69.6814,41.6413,6.7369,3.1678,1.0934,154.2466,59.0729,15.5891,3.8287,3.0084
221.1324,71.6277,39.7549,6.4809,3.6007,1.0341,159.9362,59.5745,19.3209,2.9520,3.4884
221.2848,71.8249,37.1169,6.1269,3.9211,0.9505,165.0123,68.9552,18.2449,4.2927,2.4150
221.4372,70.2400,33.3670,5.5480,4.1656,0.8465,167.1505,60.3735,15.2913,1.5820,3.6910
221.5896,66.6520,29.2719,4.9153,4.2229,0.7331,170.7470,53.3746,14.7689,3.1093,3.8867
221.7420,67.3128,26.9426,4.6338,4.5607,0.6531,166.9170,51.6116,16.3299,3.9192,5.5522
221.8944,67.7235,25.8736,4.5244,4.7279,0.6125,210.5263,75.1880,0.0000,0.0000,0.0000
222.0468,71.6827,26.0300,4.6516,5.1575,0.5964,210.5263,75.1880,0.0000,0.0000,0.0000
222.1992,-999.2500,-999.2500,-999.2500,-999.2500,-999.2500,210.5263,75.1880,0.0000,0.0000,0.0000
222.3516,-999.2500,-999.2500,-999.2500,-999.2500,-999.2500,210.5263,75.1880,0.0000,0.0000,0.0000
222.5040,-999.2500,-999.2500,-999.2500,-999.2500,-999.2500,210.5263,75.1880,0.0000,0.0000,0.0000
222.6564,-999.2500,-999.2500,-999.2500,-999.2500,-999.2500,210.5263,75.1880,0.0000,0.0000,0.0000
222.8088,-999.2500,-999.2500,-999.2500,-999.2500,-999.2500,210.5263,75.1880,0.0000,0.0000,0.0000
222.9612,-999.2500,-999.2500,-999.2500,-999.2500,-999.2500,210.5263,75.1880,0.0000,0.0000,0.0000
223.1136,-999.2500,-999.2500,-999.2500,-999.2500,-999.2500,210.5263,75.1880,0.0000,0.0000,0.0000
223.2660,-999.2500,-999.2500,-999.2500,-999.2500,-999.2500,210.5263,75.1880,0.0000,0.0000,0.0000
223.4184,-999.2500,-999.2500,-999.2500,-999.2500,-999.2500,210.5263,75.1880,0.0000,0.0000,0.0000
223.5708,-999.2500,-999.2500,-999.2500,-999.2500,-999.2500,210.5263,75.1880,0.0000,0.0000,0.0000
223.7232,-999.2500,-999.2500,-999.2500,-999.2500,-999.2500,210.5263,75.1880,0.0000,0.0000,0.0000
223.8756,-999.2500,-999.2500,-999.2500,-999.2500,-999.2500,210.5263,75.1880,0.0000,0.0000,0.0000
224.0280,-999.2500,-999.2500,-999.2500,-999.2500,-999.2500,210.5263,75.1880,0.0000,0.0000,0.0000
224.1804,-999.2500,-999.2500,-999.2500,-999.2500,-999.2500,210.5263,75.1880,0.0000,0.0000,0.0000
224.3328,-999.2500,-999.2500,-999.2500,-999.2500,-999.2500,210.5263,75.1880,0.0000,0.0000,0.0000
224.4852,-999.2500,-999.2500,-999.2500,-999.2500,-999.2500,210.5263,75.1880,0.0000,0.0000,0.0000
224.6376,-999.2500,-999.2500,-999.2500,-999.2500,-999.2500,210.5263,75.1880,0.0000,0.0000,0.0000
224.7900,-999.2500,-999.2500,-999.2500,-999.2500,-999.2500,210.5263,75.1880,0.0000,0.0000,0.0000
224.9424,-999.2500,-999.2500,-999.2500,-999.2500,-999.2500,210.5263,75.1880,0.0000,0.0000,0.0000
225.0948,-999.2500,-999.2500,-999.2500,-999.2500,-999.2500,210.5263,75.1880,0.0000,0.0000,0.0000
225.2472,-999.2500,-999.2500,-999.2500,-999.2500,-999.2500,210.5263,75.1880,0.0000,0.0000,0.0000
225.3996,-999.2500,-999.2500,-999.2500,-999.2500,-999.2500,210.5263,75.1880,0.0000,0.0000,0.0000
225.5520,-999.2500,-999.2500,-999.2500,-999.2500,-999.2500,210.5263,75.1880,0.0000,0.0000,0.0000
225.7044,-999.2500,-999.2500,-999.2500,-999.2500,-999.2500,210.5263,75.1880,0.0000,0.0000,0.0000
225.8568,-999.2500,-999.2500,-999.2500,-999.2500,-999.2500,210.5263,75.1880,0.0000,0.0000,0.0000
226.0092,-999.2500,-999.2500,-999.2500,-999.2500,-999.2500,210.5263,75.1880,0.0000,0.0000,0.0000
226.1616,-999.2500,-999.2500,-999.2500,-999.2500,-999.2500,210.5263,75.1880,0.0000,0.0000,0.0000
226.3140,-999.2500,-999.2500,-999.2500,-999.2500,-999.2500,210.5263,75.1880,0.0000,0.0000,0.0000
226.4664,-999.2500,-999.2500,-999.2500,-999.2500,-999.2500,210.5263,75.1880,0.0000,0.0000,0.0000
226.6188,-999.2500,-999.2500,-999.2500,-999.2500,-999.2500,210.5263,75.1880,0.0000,0.0000,0.0000
226.7712,-999.2500,-999.2500,-999.2500,-999.2500,-999.2500,210.5263,75.1880,0.0000,0.0000,0.0000
226.9236,-999.2500,-999.2500,-999.2500,-999.2500,-999.2500,210.5263,75.1880,0.0000,0.0000,0.0000
227.0760,-999.2500,-999.2500,-999.2500,-999.2500,-999.2500,210.5263,75.1880,0.0000,0.0000,0.0000
227.2284,-999.2500,-999.2500,-999.2500,-999.2500,-999.2500,210.5263,75.1880,0.0000,0.0000,0.0000
227.3808,-999.2500,-999.2500,-999.2500,-999.2500,-999.2500,210.5263,75.1880,0.0000,0.0000,0.0000
227.5332,-999.2500,-999.2500,-999.2500,-999.2500,-999.2500,210.5263,75.1880,0.0000,0.0000,0.0000
227.6856,-999.2500,-999.2500,-999.2500,-999.2500,-999.2500,210.5263,75.1880,0.0000,0.0000,0.0000
227.8380,-999.2500,-999.2500,-999.2500,-999.2500,-999.2500,210.5263,75.1880,0.0000,0.0000,0.0000
227.9904,-999.2500,-999.2500,-999.2500,-999.2500,-999.2500,210.5263,75.1880,0.0000,0.0000,0.0000
228.1428,-999.2500,-999.2500,-999.2500,-999.2500,-999.2500,210.5263,75.1880,0.0000,0.0000,0.0000
228.2952,-999.2500,-999.2500,-999.2500,-999.2500,-999.2500,210.5263,75.1880,0.0000,0.0000,0.0000
228.4476,-999.2500,-999.2500,-999.2500,-999.2500,-999.2500,210.5263,75.1880,0.0000,0.0000,0.0000
228.6000,-999.2500,-999.2500,-999.2500,-999.2500,-999.2500,210.5263,75.1880,0.0000,0.0000,0.0000
228.7524,-999.2500,-999.2500,-999.2500,-999.2500,-999.2500,210.5263,75.1880,0.0000,0.0000,0.0000
228.9048,-999.2500,-999.2500,-999.2500,-999.2500,-999.2500,210.5263,75.1880,0.0000,0.0000,0.0000
229.0572,-999.2500,-999.2500,-999.2500,-999.2500,-999.2500,210.5263,75.1880,0.0000,0.0000,0.0000
229.2096,-999.2500,-999.2500,-999.2500,-999.2500,-999.2500,210.5263,75.1880,0.0000,0.0000,0.0000
229.3620,-999.2500,-999.2500,-999.2500,-999.2500,-999.2500,210.5263,75.1880,0.0000,0.0000,0.0000
229.5144,-999.2500,-999.2500,-999.2500,-999.2500,-999.2500,210.5263,75.1880,0.0000,0.0000,0.0000
229.6668,-999.2500,-999.2500,-999.2500,-999.2500,-999.2500,210.5263,75.1880,0.0000,0.0000,0.0000
229.8192,-999.2500,-999.2500,-999.2500,-999.2500,-999.2500,210.5263,75.1880,0.0000,0.0000,0.0000
229.9716,-999.2500,-999.2500,-999.2500,-999.2500,-999.2500,210.5263,75.1880,0.0000,0.0000,0.0000
230.1240,-999.2500,-999.2500,-999.2500,-999.2500,-999.2500,210.5263,75.1880,0.0000,0.0000,0.0000
230.2764,-999.2500,-999.2500,-999.2500,-999.2500,-999.2500,210.5263,75.1880,0.0000,0.0000,0.0000
230.4288,-999.2500,-999.2500,-999.2500,-999.2500,-999.2500,210.5263,75.1880,0.0000,0.0000,0.0000
230.5812,-999.2500,-999.2500,-999.2500,-999.2500,-999.2500,210.5263,75.1880,0.0000,0.0000,0.0000
230.7336,-999.2500,-999.2500,-999.2500,-999.2500,-999.2500,210.5263,75.1880,0.0000,0.0000,0.0000
230.8860,-999.2500,-999.2500,-999.2500,-999.2500,-999.2500,210.5263,75.1880,0.0000,0.0000,0.0000
231.0384,-999.2500,-999.2500,-999.2500,-999.2500,-999.2500,210.5263,75.1880,0.0000,0.0000,0.0000
231.1908,-999.2500,-999.2500,-999.2500,-999.2500,-999.2500,210.5263,75.1880,0.0000,0.0000,0.0000
231.3432,-999.2500,-999.2500,-999.2500,-999.2500,-999.2500,210.5263,75.1880,0.0000,0.0000,0.0000
231.4956,-999.2500,-999.2500,-999.2500,-999.2500,-999.2500,210.5263,75.1880,0.0000,0.0000,0.0000
231.6480,-999.2500,-999.2500,-999.2500,-999.2500,-999.2500,-999.2500,-999.2500,-999.2500,-999.2500,-999.2500
231.8004,-999.2500,-999.2500,-999.2500,-999.2500,-999.2500,-999.2500,-999.2500,-999.2500,-999.2500,-999.2500

