#HOLE:,940A
#LEG:,155
#TOP:,83.362801
#BOTTOM:,231.952805
DEPTH_WMSF,SGR,CGR,THOR,URAN,POTA,W1NG,W2NG,W3NG,W4NG,W5NG
m,gAPI,gAPI,ppm,ppm,%,cps,cps,cps,cps,cps
83.3628,75.5183,90.6449,17.1798,-1.7089,1.8830,215.2736,87.1918,16.8370,3.0066,7.2159
83.5152,72.6957,70.6786,12.4886,0.2279,1.6475,180.9772,66.4932,22.5499,4.6256,3.4692
83.6676,70.3445,61.7372,10.2299,0.9724,1.5732,232.5721,71.5144,21.6346,3.6058,4.2067
83.8200,73.0998,63.6110,10.7452,1.0720,1.5805,198.3232,70.5406,18.5025,4.0474,5.7820
83.9724,69.5075,61.2765,10.1290,0.9299,1.5664,214.9308,65.6231,19.2655,7.2246,6.6225
84.1248,71.3413,61.2939,10.1415,1.1351,1.5649,189.7599,62.4819,26.0341,2.8927,5.7854
84.2772,72.2044,62.4087,10.2640,1.1066,1.6056,208.4084,75.0751,22.2222,3.6036,4.8048
84.4296,74.5862,62.9659,10.2631,1.3128,1.6382,223.0569,68.7663,13.8688,4.6229,6.3565
84.5820,73.6453,60.2787,9.7680,1.5101,1.5796,202.2269,80.6500,18.0560,4.2131,2.4075
84.7344,73.1729,58.0152,9.2796,1.7124,1.5443,182.8022,70.9561,21.6476,7.2159,8.4185
84.8868,72.7634,56.4978,8.9486,1.8376,1.5214,204.5652,69.3441,23.6926,1.1557,2.3115
85.0392,74.7421,57.4208,8.9978,1.9568,1.5654,196.5144,70.3125,20.4327,3.6058,4.2067
85.1916,78.2218,58.9978,9.1642,2.1718,1.6244,202.0445,82.3812,16.2357,3.0066,5.4119
85.3440,78.9017,58.6129,9.0553,2.2921,1.6235,228.3897,74.0098,21.9717,5.2038,4.6256
85.4964,78.6111,57.9793,8.7948,2.3308,1.6381,191.9374,64.3803,25.2708,6.6185,4.8135
85.6488,80.5181,58.5545,8.7241,2.4813,1.6856,188.9627,76.8564,18.4918,2.8893,6.3565
85.8012,84.1260,60.5847,8.9384,2.6595,1.7614,225.2252,79.2793,28.8288,6.0060,2.4024
85.9536,86.4134,60.9708,8.9825,2.8743,1.7752,218.1490,79.3269,16.2260,1.8029,4.8077
86.1060,83.5048,59.0848,8.6911,2.7588,1.7230,199.4796,68.2278,23.1281,6.9384,4.0474
86.2584,86.6855,61.9984,9.0157,2.7890,1.8285,197.2339,63.7402,23.4516,5.4119,2.4053
86.4108,88.7412,63.8906,9.3357,2.8074,1.8754,230.3759,73.9850,25.8647,5.4135,5.4135
86.5632,89.8514,64.3656,9.4411,2.8792,1.8823,211.6219,67.6496,24.2845,5.7820,3.4692
86.7156,89.2236,63.4664,9.2864,2.9099,1.8605,193.5096,67.9087,24.6394,4.8077,3.6058
86.8680,91.9709,64.5573,9.3033,3.0970,1.9207,220.1676,73.3892,21.3811,4.0451,2.8893
87.0204,93.2754,64.5521,9.1712,3.2450,1.9465,221.7548,78.1250,22.2356,4.8077,3.6058
87.1728,95.3568,65.2760,9.1934,3.3983,1.9842,187.0114,73.9627,28.8635,3.0066,4.8106
87.3252,93.9195,64.5367,9.1843,3.3195,1.9430,225.9463,78.5900,22.5368,3.4672,4.6229
87.4776,94.3753,66.1446,9.4446,3.1893,1.9852,211.0643,70.3548,21.6476,4.8106,4.2093
87.6300,90.4568,64.4477,9.3382,2.9383,1.9074,192.5412,83.2611,16.7679,3.4692,5.2038
87.7824,91.7459,67.4439,9.8412,2.7455,1.9824,188.1010,77.5240,21.0337,3.0048,4.8077
87.9348,92.8055,68.7199,10.1138,2.7210,2.0029,227.2333,68.2278,19.6589,3.4692,5.7820
88.0872,92.4877,70.0442,10.3328,2.5355,2.0367,210.9375,74.5192,17.4279,3.0048,4.2067
88.2396,88.6251,68.1609,10.0542,2.3119,1.9821,202.3706,63.6022,17.9243,2.8910,4.0474
88.3920,86.7487,68.5582,10.2836,2.0550,1.9599,189.4167,62.5376,28.2622,3.0066,1.8040
88.5444,88.5755,69.8628,10.7620,2.1140,1.9413,204.1052,64.1804,15.0332,4.6256,1.7346
88.6968,90.4758,71.3644,11.3230,2.1591,1.9178,199.5792,67.9291,24.6468,6.6126,4.8091
88.8492,92.0153,72.7590,11.7509,2.1754,1.9145,207.9723,64.7025,21.3749,1.1554,4.6216
89.0016,90.3489,73.5531,11.9836,1.8975,1.9147,211.1278,67.9699,12.0301,5.4135,5.4135
89.1540,90.1333,74.6102,12.1789,1.7537,1.9377,182.9122,66.1853,29.4826,2.4067,6.0168
89.3064,91.0234,75.6682,12.3797,1.7347,1.9596,201.0979,71.6556,15.0246,5.2008,4.0451
89.4588,91.9887,75.1275,12.3145,1.9049,1.9410,202.8316,74.5449,22.5368,4.6229,7.5123
89.6112,92.0196,72.7668,12.0542,2.1750,1.8550,192.4233,68.5508,24.0529,5.4119,3.0066
89.7636,88.4515,67.2070,11.3166,2.4000,1.6770,193.1194,60.7112,26.0191,2.8910,4.6256
89.9160,87.0217,63.8593,11.1151,2.6167,1.5219,171.2740,64.3029,18.6298,3.6058,6.0096
90.0684,87.6438,64.2125,11.3973,2.6471,1.4866,172.7824,65.8769,16.7582,6.9344,6.9344
90.2208,90.0130,67.3127,11.9938,2.5645,1.5493,192.9087,70.9135,14.4231,7.2115,3.0048
90.3732,93.8814,71.6609,12.7494,2.5103,1.6532,185.1316,70.5814,20.2488,2.3141,8.6780
90.5256,98.0792,75.9613,13.4968,2.4987,1.7558,193.6260,78.1720,24.0529,3.6079,6.0132
90.6780,98.5318,74.4860,13.5018,2.7165,1.6690,214.2651,77.9671,25.4115,2.8877,6.9304
90.8304,98.1684,73.4129,13.5615,2.7967,1.5947,191.5916,71.4715,13.2132,4.2042,4.8048
90.9828,93.1619,67.2726,12.6765,2.9248,1.4120,198.4366,72.7601,19.2423,4.2093,3.6079
91.1352,93.6589,67.9412,12.7875,2.9054,1.4290,183.8682,70.5406,17.3461,2.8910,3.4692
91.2876,93.3441,65.2951,12.3868,3.1688,1.3541,188.8722,67.9699,18.6466,10.8271,5.4135
91.4400,92.0387,62.1644,11.9128,3.3750,1.2655,210.2102,69.0691,8.4084,3.6036,3.0030
91.5924,90.1273,58.2436,11.2286,3.6020,1.1724,188.3849,53.1638,15.6024,4.0451,4.6229
91.7448,88.6380,57.3122,10.7984,3.5390,1.2032,184.0048,66.1455,19.2423,3.6079,4.2093
91.8972,90.4907,58.1988,10.6744,3.6481,1.2793,196.4750,64.1433,23.6926,2.8893,3.4672
92.0496,91.7624,57.8650,10.4740,3.8295,1.2995,195.4299,62.5376,21.6476,4.2093,7.2159
92.2020,94.6534,56.1448,10.1527,4.3504,1.2628,194.7115,71.5144,15.0240,4.8077,6.6106
92.3544,95.6816,54.7294,9.8847,4.6265,1.2334,207.9327,78.7260,16.2260,7.8125,4.8077
92.5068,96.5884,53.6671,9.6124,4.8489,1.2253,199.3643,70.4999,14.4467,5.2008,8.6680
92.6592,100.6717,56.1390,10.0366,5.0310,1.2854,203.2471,72.1588,18.6410,3.0066,2.4053
92.8116,104.0856,59.1993,10.5320,5.0709,1.3657,231.8589,88.4649,25.4409,4.0474,4.0474
92.9640,107.4013,63.7211,11.2059,4.9347,1.4959,224.0240,75.6757,23.4234,9.0090,4.8048
93.1164,103.4362,62.9144,10.8251,4.5778,1.5242,213.9423,93.1490,21.0337,4.8077,3.6058
93.2688,99.9713,60.8845,10.3128,4.4157,1.5072,211.4996,73.3892,24.2704,6.9344,5.2008
93.4212,99.1550,57.8457,9.8899,4.6668,1.4138,203.2471,75.7667,19.2423,1.8040,2.4053
93.5736,100.0137,55.0341,9.5091,5.0815,1.3254,217.2782,75.1228,24.2704,3.4672,2.8893
93.7260,103.0176,54.2306,9.4259,5.5116,1.2950,217.6135,73.3393,19.8377,6.0114,4.8091
93.8784,101.7670,53.1933,9.0526,5.4875,1.3084,212.8683,82.3812,22.8503,3.0066,3.0066
94.0308,100.4071,52.6679,8.6273,5.3932,1.3619,198.9183,76.3221,25.2404,6.6106,4.2067
94.1832,96.9259,50.4698,8.0261,5.2483,1.3527,213.6876,69.8816,20.7912,5.7753,2.3101
94.3356,97.1168,48.0655,7.5263,5.5414,1.3115,189.3029,72.7163,18.6298,4.2067,7.2115
94.4880,95.6674,46.4621,7.3049,5.5588,1.2619,222.4895,66.1455,13.2291,3.6079,4.2093
94.6404,95.9692,46.0548,7.2808,5.6390,1.2429,194.8540,71.6970,21.9717,4.6256,5.2038
94.7928,94.3861,46.3859,7.2356,5.4227,1.2711,207.3317,66.7067,18.6298,3.6058,2.4038
94.9452,92.8030,46.0300,7.1800,5.2841,1.2614,198.6717,77.3895,20.7912,3.4652,2.3101
95.0976,91.9794,46.4282,7.2857,5.1460,1.2637,187.9880,76.2763,12.6126,7.2072,4.2042
95.2500,95.1094,49.4013,7.8710,5.1638,1.3211,189.6502,78.6354,19.0807,2.8910,2.3128
95.4024,97.3982,52.6486,8.5169,5.0555,1.3826,216.6065,84.8375,21.0590,3.6101,6.0168
95.5548,100.5047,56.3777,9.2362,4.9851,1.4575,210.2224,72.7693,17.9036,5.1978,4.6203
95.7072,100.4501,59.0369,9.8139,4.6786,1.4982,221.6216,77.4775,21.6216,2.4024,1.8018
95.8596,99.9655,59.6453,9.9091,4.5551,1.5148,215.6693,86.1521,24.2845,5.7820,2.8910
96.0120,99.2805,59.1867,9.7233,4.5295,1.5249,208.6590,78.1720,13.2291,5.4119,1.2026
96.1644,98.0727,57.1971,9.1690,4.6178,1.5186,220.6180,69.3041,17.9036,3.4652,4.6203
96.3168,99.6058,57.5593,9.1622,4.7501,1.5410,216.7004,71.0777,23.1147,7.5123,4.0451
96.4692,100.2557,57.9380,9.2429,4.7807,1.5471,217.6789,68.5508,24.6542,4.2093,3.6079
96.6216,98.5733,57.9432,9.2557,4.5901,1.5449,224.3423,71.6970,17.3461,2.3128,4.0474
96.7740,98.8966,59.3017,9.4495,4.4731,1.5857,192.1922,76.8769,25.2252,5.4054,6.0060
96.9264,100.6671,61.3492,9.7322,4.4418,1.6490,210.9217,78.5900,23.1147,5.2008,6.9344
97.0788,101.0432,61.6321,9.7904,4.4524,1.6540,233.3835,76.9925,22.2556,3.0075,7.2180
97.2312,99.6008,60.6080,9.6239,4.4051,1.6273,201.0979,80.9015,17.3360,4.6229,5.7787
97.3836,92.6829,57.5470,9.1411,3.9694,1.5444,204.8048,73.2733,22.2222,4.2042,6.0060
97.5360,93.0693,59.9032,9.6036,3.7469,1.5903,181.5554,69.3842,19.6589,3.4692,3.4692
97.6884,91.7845,60.8538,9.8157,3.4943,1.6037,207.3317,89.5433,14.4231,3.0048,1.8029
97.8408,94.4082,64.1347,10.3684,3.4201,1.6855,198.3232,76.9008,19.6589,0.5782,2.3128
97.9932,95.1009,64.3501,10.4866,3.4740,1.6747,195.3193,75.7007,19.0696,5.7787,5.2008
98.1456,94.7543,64.4083,10.5129,3.4283,1.6729,196.5144,92.5481,22.2356,4.8077,3.6058
98.2980,95.3319,63.8681,10.4760,3.5545,1.6487,200.4043,64.1063,19.6362,4.6203,4.0427
98.4504,98.5190,65.1955,10.5235,3.7646,1.7166,204.9279,69.7115,20.4327,4.8077,4.2067
98.6028,99.6090,63.6535,10.1638,4.0620,1.6979,235.9063,82.1047,21.9717,5.2038,5.7820
98.7552,100.9174,61.9572,9.7477,4.4014,1.6814,188.8154,82.9826,21.6476,4.2093,4.2093
98.9076,94.4301,55.3864,8.7058,4.4109,1.5047,218.2802,71.5574,19.8437,3.0066,2.4053
99.0600,96.4837,55.2664,8.7364,4.6564,1.4916,188.9627,65.8769,19.6475,3.4672,5.2008
99.2124,94.4788,54.7397,8.7171,4.4894,1.4648,203.0030,87.0871,19.2192,6.0060,5.4054
99.3648,96.8900,57.3526,9.1887,4.4666,1.5237,194.7414,72.2335,20.8032,5.2008,4.6229
99.5172,95.2794,57.6160,9.1454,4.2549,1.5476,204.4498,71.5574,23.4516,5.4119,6.0132
99.6696,98.3957,59.9739,9.4208,4.3406,1.6305,216.2475,70.5406,15.0332,5.2038,2.8910
99.8220,97.5718,60.7424,9.4128,4.1607,1.6768,218.7500,81.1298,25.2404,2.4038,4.2067
99.9744,95.7187,61.5363,9.4741,3.8617,1.7109,198.9183,76.3221,21.0337,5.4087,5.4087
100.1268,94.8451,62.9919,9.6259,3.5985,1.7657,202.4632,64.8843,22.8297,3.0039,1.2016
100.2792,93.7431,63.3000,9.6655,3.4392,1.7758,214.6370,80.9951,20.8273,4.6283,3.4712
100.4316,92.3033,62.5610,9.6177,3.3601,1.7422,199.7593,70.3971,17.4489,6.0168,4.2118
100.5840,90.4534,59.7281,9.2755,3.4711,1.6449,177.2837,71.5144,21.0337,6.0096,4.8077
100.7364,90.3600,58.9391,9.2279,3.5497,1.6084,217.1528,58.3309,19.6362,5.1978,4.0427
100.8888,92.0186,60.5779,9.4503,3.5519,1.6598,200.7212,61.8990,24.0385,4.8077,6.0096
101.0412,92.4273,61.8631,9.5963,3.4529,1.7058,210.4655,61.8676,21.9717,2.8910,2.3128
101.1936,91.6632,62.7510,9.6559,3.2663,1.7458,212.2670,72.7601,22.2489,3.6079,1.8040
101.3460,90.8675,61.3892,9.5141,3.3302,1.6945,183.5138,77.0156,21.6607,3.6101,4.8135
101.4984,89.1362,61.2824,9.5878,3.1467,1.6737,197.1668,62.4458,21.3935,2.8910,5.2038
101.6508,89.1861,62.2412,9.9251,3.0440,1.6628,192.3077,65.5048,28.2452,4.8077,4.8077
101.8032,89.9877,65.7587,10.5367,2.7372,1.7468,196.8788,70.2281,15.6062,1.8007,6.0024
101.9556,91.5320,68.4923,10.9496,2.6029,1.8244,200.0578,69.9624,19.6589,5.7820,4.6256
102.1080,93.5980,71.0511,11.2532,2.5472,1.9134,209.4493,75.2332,20.4634,4.8149,3.0093
102.2604,94.9790,72.6933,11.4114,2.5177,1.9778,208.8516,75.7883,20.2488,6.9424,3.4712
102.4128,97.9864,75.3207,11.7962,2.5606,2.0547,218.4874,64.2257,19.8079,6.6026,7.2029
102.5652,97.8800,75.5374,11.8069,2.5241,2.0652,216.9471,88.3413,30.0481,2.4038,6.0096
102.7176,99.7375,77.3703,12.1693,2.5269,2.1003,213.4375,66.0938,21.9570,6.9063,4.0703
102.8700,94.4331,73.1981,11.5894,2.3990,1.9720,220.8750,82.5000,20.1836,3.5195,6.2813
103.0224,94.5927,71.8831,11.4421,2.5656,1.9245,190.5313,73.2109,17.6719,5.9766,2.6094
103.1748,91.2924,67.3357,10.8441,2.7065,1.7779,205.2188,68.6035,24.5156,4.7559,8.9336
103.3272,94.0381,68.5762,11.1038,2.8765,1.7988,195.5781,70.2344,21.6875,3.4414,6.7891
103.4796,94.3355,69.2093,11.2365,2.8386,1.8094,203.4688,76.4375,27.1406,3.1328,4.0547
103.6320,92.8852,69.0952,11.1381,2.6876,1.8222,217.9375,69.3262,19.5469,5.1758,2.0391
103.7844,90.7956,69.1922,11.0813,2.4406,1.8391,187.1875,68.2031,18.7656,4.7959,5.8555
103.9368,90.0630,70.1251,11.1281,2.2524,1.8842,197.0313,65.0625,26.3281,4.5723,4.1543
104.0892,92.4765,72.4835,11.4992,2.2587,1.9482,207.5313,73.6836,18.4688,3.8789,5.0977
104.2416,93.1885,72.9040,11.5829,2.2916,1.9561,208.3750,71.5730,23.2871,2.5234,4.1912
104.3940,92.8925,72.0559,11.5369,2.3540,1.9158,201.5352,71.8262,21.7148,3.8516,3.9199
104.5464,91.5708,71.9730,11.5263,2.2140,1.9131,203.7754,72.3828,19.5898,6.1328,2.9160
104.6988,91.6406,71.6835,11.4406,2.2546,1.9132,203.0117,70.0273,18.2617,3.4141,3.0000
104.8512,89.9317,69.7222,11.1176,2.2831,1.8628,199.6406,70.4219,20.4922,5.7813,6.9941
105.0036,90.5056,68.1211,10.9180,2.5288,1.8090,190.9063,68.8750,20.5625,1.5547,5.6270
105.1560,91.6283,68.8014,11.1525,2.5788,1.8023,197.3438,74.7266,19.8984,3.7813,4.6777
105.3084,92.3021,69.3252,11.3433,2.5958,1.7951,210.9219,72.2813,22.2031,4.3281,3.9668
105.4608,91.0801,69.0453,11.3658,2.4893,1.7743,198.5938,70.6484,18.3438,3.2031,4.0234
105.6132,90.1596,68.2263,11.2545,2.4779,1.7486,187.2500,73.4141,19.7725,3.9307,5.8975
105.7656,91.0032,68.5607,11.3350,2.5354,1.7522,206.1797,69.8672,20.7852,4.0078,5.8984
105.9180,91.3071,67.8609,11.1942,2.6488,1.7393,197.7500,74.3516,21.6172,5.5781,4.4316
106.0704,91.2914,67.5454,11.1627,2.6826,1.7271,190.4063,75.7054,16.6602,3.8008,5.2490
106.2228,90.6890,67.3181,11.1767,2.6403,1.7111,203.7188,75.8672,16.0156,3.0048,4.9727
106.3752,91.0074,68.2657,11.3771,2.5692,1.7267,191.4219,73.8594,20.8320,3.8516,4.4453
106.5276,88.8815,66.3662,11.1274,2.5436,1.6654,195.6875,67.1680,19.4961,5.6406,6.2227
106.6800,88.3346,65.6957,10.9486,2.5576,1.6617,188.2813,66.6094,19.4531,3.7236,4.1609
106.8324,88.1046,65.0050,10.8068,2.6096,1.6495,198.1250,62.3281,20.8750,4.6016,4.2617
106.9848,89.4986,66.1661,10.9811,2.6359,1.6827,200.1367,67.7012,12.9063,4.7578,4.9268
107.1372,90.1526,67.4077,11.2063,2.5696,1.7105,199.6719,67.5352,19.2344,2.3008,4.9043
107.2896,90.5593,68.3502,11.3569,2.5090,1.7356,199.1250,68.5649,20.6953,3.5613,4.1545
107.4420,91.2206,69.5541,11.5203,2.4477,1.7734,199.2188,70.5625,19.0938,3.5090,3.1289
107.5944,89.4583,68.5183,11.3300,2.3656,1.7507,203.0000,73.9531,21.6406,3.6076,2.4063
107.7468,89.2200,69.0547,11.4726,2.2781,1.7538,182.6563,70.3281,19.6719,5.0547,4.8144
107.8992,89.2727,69.1392,11.6524,2.2745,1.7231,197.4688,65.4697,20.1680,6.6875,4.9502
108.0516,91.0671,69.9551,11.9180,2.3851,1.7181,209.2734,67.2891,17.7344,3.5977,5.9297
108.2040,91.2074,68.8622,11.7939,2.5244,1.6790,201.5938,72.4766,17.0156,1.7767,5.3828
108.3564,90.5566,67.2379,11.4645,2.6344,1.6495,194.7031,74.2422,21.9531,2.4570,2.5801
108.5088,90.8282,67.2374,11.3839,2.6651,1.6655,193.8281,73.9531,20.6797,4.2383,3.8750
108.6612,91.7406,67.7238,11.3797,2.7132,1.6946,190.0625,75.7429,21.0313,4.5586,6.5000
108.8136,90.4648,66.8594,11.1347,2.6668,1.6927,196.3125,72.0781,21.9375,2.8320,6.5938
108.9660,89.0555,65.5317,10.9149,2.6575,1.6588,193.4063,65.0859,16.1152,2.5234,4.1123
109.1184,89.0060,65.5756,11.0150,2.6470,1.6416,196.4375,61.7500,16.5742,3.8691,4.4697
109.2708,89.3692,66.3072,11.2047,2.6054,1.6467,203.1875,65.3594,20.0625,4.6523,5.4961
109.4232,88.4964,66.2330,11.1501,2.5151,1.6532,183.1875,68.2500,19.8281,6.1133,7.5625
109.5756,87.2950,64.9990,10.8237,2.5188,1.6458,183.8906,65.0850,14.3809,6.2734,6.1563
109.7280,89.8326,65.2791,10.8293,2.7739,1.6610,195.5469,66.0059,17.6016,4.4492,3.5156
109.8804,93.9489,66.3571,11.1560,3.1171,1.6592,208.8750,69.4219,19.7832,4.0996,2.7266
110.0328,95.1516,66.4559,11.3825,3.2418,1.6202,202.3750,74.2734,21.2344,4.7156,4.1563
110.1852,93.9285,65.9560,11.4849,3.1601,1.5709,181.4688,81.2344,19.7656,3.5430,5.3203
110.3376,92.4243,64.5902,11.3649,3.1445,1.5150,188.6250,76.1250,19.9219,2.3596,3.5396
110.4900,90.5294,62.1808,11.0548,3.2026,1.4360,200.0938,62.9531,22.3711,3.8711,3.8379
110.6424,89.1002,59.4071,10.6795,3.3545,1.3487,183.7500,64.3438,17.0313,4.0273,4.1328
110.7948,89.2238,58.0426,10.5536,3.5226,1.2941,176.0000,70.8672,17.9844,4.8359,3.8047
110.9472,91.8554,58.5856,10.6607,3.7586,1.3045,190.8750,69.4219,20.7813,3.5000,4.8750
111.0996,94.4361,59.6852,10.7387,3.9259,1.3532,197.8633,71.1563,20.0547,3.4688,3.2578
111.2520,94.8390,60.1852,10.6441,3.9149,1.4010,199.1172,72.2344,18.9023,5.5361,3.4844
111.4044,94.9262,61.9570,10.9050,3.7246,1.4526,194.7031,69.7031,21.5000,6.2695,5.3237
111.5568,95.1848,63.7679,11.3034,3.5492,1.4793,188.8320,79.9063,20.3906,5.4258,5.6270
111.7092,94.6442,64.1441,11.4792,3.4457,1.4665,194.1250,80.2500,17.9795,4.7336,5.9175
111.8616,93.8599,63.6122,11.4801,3.4172,1.4353,195.9688,67.9375,17.9773,3.6289,7.3008
112.0140,92.6984,62.6615,11.4208,3.3933,1.3917,204.1563,63.1233,18.0043,4.4688,4.9063
112.1664,92.6746,63.0510,11.5882,3.3467,1.3813,198.7813,67.4531,17.2246,6.3789,4.4023
112.3188,93.5926,64.1089,11.7978,3.3309,1.4014,197.7031,73.2578,15.6289,4.0078,4.1719
112.4712,94.1145,64.5649,11.9172,3.3383,1.4044,210.1250,70.5938,15.0269,4.2383,5.0352
112.6236,95.4827,66.5029,12.3430,3.2739,1.4331,200.8756,71.2730,18.6487,4.5411,4.7344
112.7760,96.1598,68.9323,12.7776,3.0760,1.4887,211.1879,64.5940,22.6561,5.2734,4.4902
112.9284,96.1310,70.7730,12.9831,2.8648,1.5552,217.3582,68.1254,20.2108,3.8711,4.3381
113.0808,95.3175,71.1432,12.8097,2.7310,1.6111,198.0613,74.8442,18.1307,4.5352,8.1252
113.2332,91.4926,68.3316,12.0847,2.6166,1.5906,194.7806,79.6087,21.2030,4.7959,5.3280
113.3856,87.1907,65.1080,11.3496,2.4947,1.5482,184.2184,69.0932,19.7577,5.1914,4.0011
113.5380,83.1498,61.8481,10.6475,2.4065,1.4972,178.3283,59.5780,17.6935,4.4199,5.7655
113.6904,83.2446,62.0050,10.5043,2.3995,1.5346,181.9148,56.8284,19.6171,4.1643,4.3242
113.8428,84.1273,63.1995,10.5086,2.3643,1.6033,194.5304,61.8128,17.6876,4.0877,4.3672
113.9952,84.7596,64.5701,10.5645,2.2809,1.6721,180.0939,66.8592,19.0858,4.6250,4.3086
114.1476,85.2642,64.8071,10.4959,2.3111,1.6995,182.9846,64.1563,17.4769,4.6679,4.9708
114.3000,87.7074,66.0868,10.6706,2.4425,1.7394,186.6998,65.4532,22.4221,4.3017,7.2342
114.4524,89.0511,65.2544,10.5635,2.6884,1.7121,195.8120,65.9344,25.5894,3.6250,4.8514
114.6048,88.2853,61.5086,10.0030,3.0250,1.6048,188.0618,70.9529,18.6252,3.0059,1.7345
114.7572,87.6757,58.1554,9.4607,3.3350,1.5167,176.5168,67.7967,21.2030,3.4706,3.1407
114.9096,89.5091,57.8039,9.3468,3.5818,1.5188,195.3128,65.0902,18.7031,2.5470,3.9659
115.0620,94.3831,61.0146,9.7990,3.7697,1.6164,200.5884,70.3601,19.0041,3.8789,5.6679
115.2144,95.5159,61.4568,9.8115,3.8477,1.6396,208.8899,82.8116,22.4923,4.0732,4.3671
115.3668,97.8988,62.5084,9.9788,3.9981,1.6678,197.6261,67.9696,24.9215,4.1823,3.6728
115.5192,97.9449,61.3768,9.8241,4.1312,1.6325,215.9371,81.9689,19.0468,2.6563,3.0900
115.6716,100.1628,61.9343,9.9597,4.3188,1.6381,209.5156,83.9134,18.4320,3.8322,5.9217
115.8240,97.2483,58.0245,9.3886,4.4312,1.5233,209.5305,73.5309,24.4214,6.3007,3.4141
115.9764,95.5851,54.4716,8.9536,4.6447,1.4024,197.9691,67.8365,17.2185,4.4766,3.5380
116.1288,93.3394,52.7755,8.9068,4.5826,1.3129,202.9682,77.5464,12.5706,4.5871,2.4453
116.2812,94.1799,53.8983,9.2892,4.5507,1.3027,194.4536,70.5470,17.4922,8.0700,2.9415
116.4336,91.7256,53.5411,9.3774,4.3138,1.2645,201.5457,73.1011,18.4552,2.7970,3.9629
116.5860,91.4905,52.2425,9.2348,4.4339,1.2170,182.2826,65.4685,20.2850,4.6289,4.1929
116.7384,89.7044,50.6044,9.0100,4.4172,1.1660,204.8741,60.9691,17.5314,4.0918,4.6005
116.8908,92.0859,51.9623,9.1922,4.5329,1.2091,190.7506,66.3988,19.7069,3.6280,3.0861
117.0432,94.1172,52.9164,9.3548,4.6546,1.2325,200.8602,72.6403,18.0118,5.1407,6.2341
117.1956,95.7747,53.1860,9.3553,4.8114,1.2481,213.5611,68.0631,19.1894,6.5682,2.5314
117.3480,95.9592,53.7231,9.4782,4.7715,1.2551,191.0631,77.7655,17.9295,4.0938,5.1445
117.5004,91.5062,50.9997,9.0022,4.5761,1.1906,201.3267,75.7844,14.4609,5.3984,5.4100
117.6528,92.9080,52.0575,9.2849,4.6150,1.1963,178.6659,63.6026,13.8772,4.6254,2.8914
117.8052,91.6168,52.7906,9.3955,4.3863,1.2172,203.9707,70.3972,19.8554,1.8051,9.6265
117.9576,94.8590,56.6734,10.0338,4.3139,1.3171,197.0528,71.6558,16.1804,2.8895,2.8894
118.1100,92.6299,56.9074,9.9944,4.0357,1.3385,196.5150,75.7202,18.0287,5.4085,3.6058
118.2624,93.8575,57.7364,10.0560,4.0807,1.3746,205.8393,60.7118,15.6119,2.8911,4.6257
118.4148,95.7725,59.4334,10.3151,4.1053,1.4222,197.2344,70.9565,23.4519,4.8105,5.4117
118.5672,94.6213,59.1757,10.1407,4.0044,1.4417,205.7192,77.4338,28.3150,3.4673,1.7337
118.7196,96.0589,60.8865,10.3046,3.9735,1.5089,178.1540,70.4189,19.8616,5.4167,3.6113
118.8720,95.1825,60.7344,10.0813,3.8917,1.5442,205.8402,79.7913,20.8151,4.0473,4.6257
119.0244,97.1480,63.0756,10.2813,3.8493,1.6410,212.2657,70.3554,18.6411,3.0069,5.4117
119.1768,94.2428,61.5542,9.9561,3.6929,1.6167,190.6964,79.7454,20.2249,7.5122,2.3116
119.3292,91.6864,59.3784,9.5627,3.6499,1.5678,192.0741,74.6305,13.3068,6.3637,5.2069
119.4816,90.6321,57.7483,9.3285,3.7150,1.5191,193.0248,63.1390,21.0463,3.0067,6.0130
119.6340,88.5053,55.8751,9.0361,3.6863,1.4678,196.1227,64.2182,20.8268,4.6282,2.8927
119.7864,85.9471,54.0111,8.7339,3.6079,1.4190,177.3898,74.5631,12.6285,2.4053,3.6080
119.9388,87.2977,53.4957,8.7581,3.8187,1.3842,170.0916,59.5895,24.2984,2.3144,4.0498
120.0912,88.8621,52.2525,8.7557,4.1359,1.3123,201.4418,63.7411,22.2487,6.0130,4.8105
120.2436,92.3304,54.3063,9.3435,4.2957,1.3157,178.7687,78.6802,18.5135,2.8928,3.4712
120.3960,90.7595,54.8336,9.6290,4.0586,1.2900,195.6068,66.8069,24.6759,4.2130,3.0093
120.5484,90.1703,55.4776,9.8407,3.9193,1.2856,202.8306,63.5658,15.6024,3.4671,2.8894
120.7008,86.6850,53.9410,9.6350,3.6992,1.2368,187.9151,69.9622,15.0330,2.3129,4.0474
120.8532,87.4639,55.6774,9.8382,3.5910,1.2978,179.3477,67.1104,10.4141,4.0497,4.0499
121.0056,88.2968,57.1820,9.9462,3.5151,1.3640,203.8479,69.7538,17.4383,3.6079,6.6143
121.1580,89.5748,58.7476,9.9948,3.4826,1.4456,195.3195,75.6996,16.7581,2.3116,2.8895
121.3104,88.7493,59.0297,9.8578,3.3575,1.4891,198.3176,57.6930,15.0241,4.2068,4.8075
121.4628,87.9871,59.1948,9.9889,3.2527,1.4728,202.8304,68.7658,16.1806,4.6232,2.3117
121.6152,87.8381,58.8685,10.0708,3.2728,1.4376,184.6061,60.7340,20.4445,9.0195,5.4117
121.7676,86.8919,57.1962,9.9722,3.3548,1.3597,183.2900,67.6493,13.2989,2.8911,2.3131
121.9200,87.9119,58.3302,10.1686,3.3419,1.3870,183.2942,62.5001,17.4278,3.6057,7.2115
122.0724,91.9688,61.4103,10.7829,3.4523,1.4449,198.7874,64.7213,15.6026,2.8895,6.3564
122.2248,92.5246,61.2328,10.8489,3.5351,1.4215,213.3396,67.3081,18.0286,5.4086,4.2067
122.3772,93.7438,61.7150,10.8892,3.6184,1.4416,185.4960,74.5452,14.4471,4.0450,3.4673
122.5296,90.8639,59.6702,10.4127,3.5240,1.4167,194.2273,78.1714,20.4448,3.0066,5.4117
122.6820,92.5315,60.6151,10.5247,3.6057,1.4496,194.7416,69.3442,17.3366,2.3115,2.3115
122.8344,93.0700,59.4476,10.3935,3.7984,1.4076,197.6308,69.9221,26.5818,2.8893,2.8895
122.9868,94.3741,58.9569,10.4420,4.0012,1.3694,199.0372,72.1584,24.6539,2.4058,6.0134
123.1392,93.3888,57.5021,10.2058,4.0542,1.3314,188.4940,65.9153,19.6588,10.4072,8.6726
123.2916,90.8494,55.5468,9.9206,3.9882,1.2739,191.1631,71.5352,18.6356,3.0057,2.4046
123.4440,89.9305,53.9184,9.6893,4.0684,1.2248,188.5886,60.0603,22.2220,3.0031,3.6037
123.5964,89.8563,51.8447,9.4117,4.2943,1.1589,189.0716,64.7590,18.5025,4.0475,5.2037
123.7488,92.2341,52.1120,9.4815,4.5327,1.1606,183.4041,70.9567,18.6409,6.0131,3.6079
123.9012,91.3398,52.0238,9.4336,4.4416,1.1650,194.1627,80.3229,16.1803,3.4672,2.8894
124.0536,93.2360,53.9711,9.7972,4.4359,1.2065,180.3986,68.5509,16.2356,3.0065,4.2093
124.2060,95.0050,55.2886,10.0786,4.4869,1.2276,209.1881,69.3443,15.0249,1.7339,4.6229
124.3584,93.3329,53.9183,10.0336,4.4528,1.1567,209.7333,72.7156,20.4321,6.6105,3.6058
124.5108,92.9634,53.4231,10.2697,4.4670,1.0812,172.2063,61.2545,11.5576,5.7787,4.0450
124.6632,88.8748,51.3535,10.0714,4.2389,0.9999,200.7202,69.1105,16.2259,5.4086,3.0048
124.8156,91.9555,53.7255,10.5802,4.3189,1.0374,184.7178,68.5918,15.6438,4.8136,3.0085
124.9680,94.7575,56.5670,11.0971,4.3145,1.1007,194.7424,64.7222,15.0248,7.5122,4.6231
125.1204,96.5409,58.6772,11.4518,4.2776,1.1535,210.8102,81.6808,19.2191,5.4054,6.6064
125.2728,94.2663,58.7832,11.3181,4.0086,1.1861,200.9352,68.0942,17.9610,4.6485,3.0002
125.4252,86.2878,55.8531,10.5410,3.4383,1.1691,162.8124,74.7494,18.6006,5.3671,6.9765
125.5776,82.4017,54.9890,10.2403,3.0969,1.1782,160.6403,65.6246,18.5043,3.6328,5.3710
125.7300,81.4129,54.8554,10.1734,3.0003,1.1836,178.5310,58.5001,17.0194,4.1220,3.2578
125.8824,82.0707,55.7574,10.3155,2.9727,1.2081,175.0620,60.2971,15.2930,3.5752,3.4035
126.0348,81.9049,56.7797,10.3993,2.8385,1.2511,166.7821,64.1870,15.0263,3.5825,6.5625
126.1872,82.8647,59.7996,10.7738,2.6057,1.3529,180.5311,55.9691,13.6330,3.0324,6.0645
126.3396,83.7102,63.2299,11.1592,2.3137,1.4765,177.5939,62.3748,16.0237,5.2968,7.3514
126.4920,83.1709,66.0485,11.3891,1.9344,1.5952,179.5231,59.5468,19.9452,4.2225,4.2500
126.6444,81.2785,66.5261,11.2252,1.6666,1.6554,174.0775,58.1475,17.6018,1.8867,3.8652
126.7968,80.8829,67.2582,11.2255,1.5392,1.6980,164.0787,59.5664,21.3592,1.5665,4.0984
126.9492,80.5106,66.7466,11.1232,1.5550,1.6884,173.9685,59.7302,19.1561,2.4922,3.6660
127.1016,81.0034,67.1436,11.2138,1.5658,1.6936,169.9378,54.5938,16.4229,2.9621,3.1768
127.2540,83.0218,69.4911,11.5440,1.5286,1.7650,174.5944,55.6883,16.8927,2.5890,3.2823
127.4064,85.7653,72.9368,12.0542,1.4493,1.8649,185.7338,68.9694,19.3202,3.9688,5.1211
127.5588,86.4573,73.7274,12.0358,1.4381,1.9146,175.8432,79.0467,17.9843,4.2616,4.7890
127.7112,86.9532,71.8092,11.5368,1.7109,1.9015,166.8684,76.1093,17.4767,2.9219,4.1582
127.8636,89.6227,70.2661,11.0095,2.1868,1.9158,187.4388,75.0156,19.4513,2.6416,4.7217
128.0160,92.3356,69.6053,10.7430,2.5679,1.9300,197.8743,78.1267,20.5586,2.3945,4.7087
128.1684,92.1126,67.5127,10.3353,2.7791,1.8888,186.1105,73.9997,20.7771,2.2677,4.2324
128.3208,90.7719,64.1273,9.9244,3.0101,1.7728,188.0000,68.9784,16.3437,3.8946,3.7618
128.4732,90.7270,61.2445,9.5898,3.3307,1.6711,188.0931,66.7265,14.9222,5.3359,4.7930
128.6256,89.0511,58.3670,9.1969,3.4665,1.5812,178.1240,64.9296,20.0820,4.8652,5.6587
128.7780,85.2318,54.7980,8.5762,3.4382,1.4960,161.5620,64.2028,18.7871,3.9785,5.1679
128.9304,83.9214,52.9621,8.1053,3.4976,1.4822,153.1886,59.1565,18.0703,2.9687,4.4560
129.0828,84.1294,51.9031,7.7176,3.6407,1.4972,171.6560,63.1795,17.2190,2.3283,3.5937
129.2352,85.9261,52.5799,7.5990,3.7672,1.5600,167.3128,60.5724,20.5153,4.4962,2.0586
129.3876,85.8944,51.7462,7.3329,3.8578,1.5641,172.3856,62.1723,15.9962,5.5155,1.4258
129.5400,84.7278,49.5205,6.9242,3.9775,1.5152,170.4057,69.1169,17.1601,3.4939,2.5372
129.6924,85.2923,47.9544,6.6389,4.2182,1.4804,160.8134,64.5937,16.6212,3.7481,3.5840
129.8448,84.4307,47.0215,6.5211,4.2262,1.4494,176.1555,63.5315,19.0798,4.6426,3.4817
129.9972,85.4347,47.9029,6.6472,4.2401,1.4758,163.8754,67.5310,19.2295,4.7441,3.4980
130.1496,80.1102,45.4539,6.3098,3.9152,1.3999,171.1852,62.9608,19.0586,3.9491,2.3790
130.3020,77.7624,44.1222,6.0722,3.8004,1.3693,132.7519,60.9837,18.5235,2.3330,3.3865
130.4544,73.1878,41.5617,5.7413,3.5729,1.2856,164.5634,50.4506,19.2192,3.0030,0.6006
130.6068,75.4806,42.7139,5.9779,3.7017,1.3059,145.7076,52.6166,18.5024,2.3128,0.0001
130.7592,76.6565,43.6982,6.3162,3.7234,1.2963,157.8493,57.2419,17.3463,2.8910,2.3128
130.9116,79.0608,45.7203,6.7068,3.7666,1.3369,161.7562,55.9228,21.0460,3.0067,3.0065
131.0640,80.7555,47.9777,7.0985,3.7030,1.3909,167.5818,52.0086,16.1805,4.0451,1.1558
131.2164,82.2235,49.9834,7.2831,3.6422,1.4712,171.2744,60.0962,19.8319,4.8076,2.4039
131.3688,85.3619,53.7384,7.7961,3.5726,1.5885,177.5082,60.7117,22.5496,3.4693,3.4694
131.5212,83.0467,53.0347,7.6867,3.3905,1.5692,181.5974,69.1525,18.0394,4.8105,6.0131
131.6736,79.8375,51.8203,7.6042,3.1652,1.5147,147.4424,75.1648,12.7208,3.4692,4.0475
131.8260,75.9209,49.2203,7.2966,3.0164,1.4241,162.4063,51.7297,18.0448,3.6089,4.8120
131.9784,77.0530,50.8777,7.6923,2.9571,1.4424,167.0046,57.7860,13.2912,2.3116,4.0452
132.1308,77.4551,51.5428,8.0206,2.9274,1.4163,180.2937,44.4965,17.9138,5.2007,5.7786
132.2832,78.1745,52.2939,8.4375,2.9238,1.3776,163.5603,55.3215,16.8369,3.6080,4.2093
132.4356,77.2611,51.5262,8.5967,2.9073,1.3014,171.1476,51.4603,14.4549,5.2036,5.2035
132.5880,76.6231,51.1082,8.7453,2.8825,1.2477,168.3697,56.5243,12.6280,2.4053,0.6015
132.7404,75.7578,51.1690,8.8533,2.7779,1.2299,156.6022,54.8975,16.1805,2.3115,2.8893
132.8928,76.6985,51.8769,9.0020,2.8042,1.2417,157.5469,55.9234,19.8436,3.0066,2.4055
133.0452,80.8852,54.7302,9.4129,2.9548,1.3267,163.0545,61.8676,19.0806,3.4694,6.3600
133.1976,83.5029,56.6727,9.6345,3.0311,1.3960,188.7013,62.5002,18.6298,6.6104,3.0049
133.3500,84.9411,57.4312,9.6416,3.1079,1.4388,178.0863,65.3368,17.9243,4.0473,4.0474
133.5024,82.7135,54.4728,9.1479,3.1904,1.3641,179.9034,64.9816,19.2538,2.4068,4.2118
133.6548,82.0352,50.6713,8.5871,3.5433,1.2535,174.0387,58.9768,17.9242,4.0476,4.6255
133.8072,81.8891,48.3364,8.2830,3.7905,1.1777,172.6828,62.3737,16.7487,6.3529,3.4653
133.9596,81.9975,47.9292,8.1075,3.8488,1.1886,174.9852,63.7398,19.8435,6.6144,5.4119
134.1120,84.6205,50.9994,8.5691,3.7983,1.2762,178.0874,57.2425,17.9241,4.0475,5.2037
134.2644,88.2737,53.5651,8.9830,3.9211,1.3438,199.2179,65.0017,15.6490,6.0185,3.6112
134.4168,91.7138,55.8447,9.4975,4.0522,1.3749,203.9871,68.7661,23.6923,2.8893,3.4671
134.5692,91.6299,53.6121,9.1954,4.2950,1.3046,200.7210,66.1055,18.6296,3.0048,1.8030
134.7216,88.0769,51.0726,8.7765,4.1805,1.2395,198.3216,61.2901,15.6116,2.8909,4.0474
134.8740,86.3684,49.2071,8.4406,4.1982,1.1972,171.3790,72.7588,17.4381,1.2027,4.2091
135.0264,86.6611,50.1363,8.5170,4.1263,1.2362,202.9486,52.6171,13.2986,2.8913,1.7347
135.1788,86.9684,50.0397,8.4390,4.1719,1.2460,198.9005,64.7585,12.7206,8.0947,3.4692
135.3312,88.1029,51.9750,8.5972,4.0815,1.3275,184.6070,62.5377,15.0332,5.4118,3.0067
135.4836,87.1456,52.8259,8.6073,3.8772,1.3750,199.4790,64.7586,17.3463,2.8910,5.2037
135.6360,85.7633,53.8305,8.6418,3.6075,1.4267,190.2272,65.3373,21.3929,2.8909,4.0475
135.7884,84.5675,54.7201,8.6861,3.3719,1.4698,170.2775,74.0075,12.6355,1.8052,4.8133
135.9408,84.3999,55.1307,8.7774,3.3066,1.4756,182.8172,78.6803,15.0426,3.4714,2.3143
136.0932,87.3404,57.0715,9.1954,3.4196,1.5060,179.1400,68.1883,25.4257,5.7787,5.2006
136.2456,86.8888,55.0368,9.0414,3.5984,1.4180,196.1485,67.3878,18.0508,5.4152,2.4069
136.3980,87.2306,55.0493,9.1466,3.6356,1.3979,184.6060,53.2423,21.9904,5.7869,4.6296
136.5504,87.9919,56.1464,9.4407,3.5977,1.4037,177.6117,78.1019,16.7778,4.0495,4.0497
136.7028,92.2697,61.9390,10.3353,3.4265,1.5642,195.4328,70.5411,21.3934,0.5784,2.8911
136.8552,93.5829,65.7967,10.8875,3.1391,1.6797,204.6827,78.6352,20.2370,4.0473,4.6256
137.0076,90.7794,66.1017,10.7414,2.7879,1.7263,193.0233,73.9627,19.8433,1.8040,4.8106
137.1600,85.3222,62.5568,10.0712,2.5719,1.6523,170.5700,73.4305,14.4552,2.8910,4.6256
137.3124,80.7298,57.9272,9.2226,2.5761,1.5505,178.5604,54.3199,16.7580,2.3115,5.2007
137.4648,80.7450,58.0039,9.1975,2.5691,1.5599,167.6698,59.4947,13.8223,2.4040,4.2067
137.6172,83.1691,60.6963,9.6782,2.5388,1.6217,192.5409,52.0394,16.1898,5.2038,2.8911
137.7696,86.7685,66.8245,10.7692,2.2531,1.7629,188.2146,72.1583,19.2423,4.8107,3.6079
137.9220,86.7424,68.6989,11.1794,2.0384,1.7910,197.6294,65.2989,19.0699,6.3563,3.4674
138.0744,86.2910,70.7463,11.5236,1.7561,1.8422,175.6730,62.9878,23.6920,2.8894,6.9344
138.2268,84.4852,68.6747,11.2992,1.7862,1.7659,195.7950,66.0658,15.0153,3.6036,6.0059
138.3792,85.1625,68.4689,11.4400,1.8859,1.7261,182.0279,62.4106,19.0695,3.4672,3.4673
138.5316,82.7596,65.1136,11.1614,1.9935,1.5858,175.2962,76.9447,17.3562,4.0496,5.2068
138.6840,83.6530,66.3571,11.4653,1.9540,1.5981,170.0729,66.7071,19.2311,1.8030,4.2066
138.8364,85.5764,67.5409,11.6920,2.0375,1.6222,183.0793,72.1921,24.8334,3.4652,2.3101
138.9888,89.1345,69.9798,12.1039,2.1640,1.6828,199.5192,78.1242,15.6253,4.2067,2.4041
139.1412,88.8779,69.5601,12.0333,2.1824,1.6724,199.5941,65.3745,20.8272,3.4713,6.9424
139.2936,87.4662,68.8352,11.8998,2.1048,1.6565,185.2079,63.1392,19.2420,4.8104,6.6146
139.4460,83.4042,67.0959,11.4366,1.8424,1.6468,191.8506,67.6103,14.4468,2.3116,6.9343
139.5984,83.1651,67.5595,11.4901,1.7630,1.6632,168.6408,64.1067,15.5936,4.0426,4.6202
139.7508,83.6735,68.0175,11.5055,1.7687,1.6869,182.8027,70.9561,18.0395,1.8042,4.2092
139.9032,85.1522,68.2685,11.6465,1.9074,1.6736,191.2743,71.0766,15.0243,5.2008,3.4673
140.0556,83.7187,66.7332,11.3777,1.9189,1.6373,192.4291,52.5863,10.9796,4.6228,4.6230
140.2080,81.2297,65.4758,11.1762,1.7798,1.6039,179.2481,57.7442,13.2334,1.8045,5.4135
140.3604,81.6810,65.3260,11.2694,1.8477,1.5768,178.6646,54.9298,17.9240,2.3128,4.6255
140.5128,82.3921,65.8511,11.4305,1.8687,1.5755,183.4031,65.5441,14.4319,3.0067,3.0068
140.6652,82.6824,64.9258,11.3898,2.0060,1.5297,177.4060,64.7206,17.3361,4.0450,5.7786
140.8176,82.5457,65.5858,11.4802,1.9160,1.5502,187.4994,55.2892,18.6300,3.6060,4.2067
140.9700,85.4696,68.6138,11.9033,1.9042,1.6429,177.9843,67.0331,22.5371,6.9341,2.8894
141.1224,89.5661,73.3464,12.5937,1.8324,1.7821,194.7124,75.1200,27.0426,2.4039,3.6061
141.2748,92.5264,76.4936,13.1101,1.8113,1.8633,209.3081,72.2755,15.6118,3.4694,9.2509
141.4272,92.4467,77.3105,13.2685,1.7100,1.8796,194.2276,76.9688,21.6475,6.0131,3.6080
141.5796,89.5258,76.2134,13.0732,1.5039,1.8543,198.7860,68.7658,20.2251,4.0450,5.2008
141.7320,90.3060,77.5523,13.2331,1.4408,1.9006,190.8071,61.8683,15.6120,2.8910,5.7820
141.8844,90.3346,76.8584,13.0913,1.5224,1.8882,198.4360,73.3615,24.0523,2.4055,4.8104
142.0368,93.2562,78.7261,13.4030,1.6415,1.9354,189.6505,75.7442,13.2992,5.7819,2.3129
142.1892,92.1041,77.8601,13.1298,1.6092,1.9390,193.9941,72.0721,22.8224,4.2042,4.2042
142.3416,94.3154,80.8630,13.5719,1.5198,2.0265,196.4757,72.8114,15.6029,4.6229,4.6232
142.4940,95.1542,82.5535,13.7980,1.4235,2.0802,207.5811,73.4054,23.4661,4.2117,9.6268
142.6464,94.5003,82.4479,13.8746,1.3616,2.0589,205.2615,70.5404,30.0669,2.3127,7.5165
142.7988,95.2654,82.0511,13.7645,1.4929,2.0576,179.7185,82.0573,19.0698,5.2008,5.2010
142.9512,90.9222,78.0710,13.0977,1.4518,1.9576,207.2052,83.4831,21.0208,4.8046,8.4081
143.1036,92.0667,78.2435,13.0755,1.5616,1.9720,173.9406,77.4334,17.9139,1.7338,4.0452
143.2560,92.1065,78.4510,13.1139,1.5427,1.9765,213.0873,63.1158,17.3711,5.2113,5.7904
143.4084,94.3096,77.5312,13.0249,1.8955,1.9406,230.4439,72.2014,15.6440,3.6100,6.0167
143.5608,93.4565,76.7495,12.8943,1.8874,1.9209,208.4888,59.4869,19.0587,1.7328,2.8878
143.7132,88.7698,72.9322,12.3166,1.7892,1.8127,192.1918,75.0744,20.4207,4.2042,4.8048
143.8656,89.2635,75.0880,12.6237,1.6014,1.8776,184.9186,63.5661,25.4257,4.0450,4.6231
144.0180,89.4735,73.5521,12.3319,1.7987,1.8458,200.8684,73.5162,17.9452,2.8945,6.9462
144.1704,90.7960,71.2675,11.9440,2.2062,1.7894,202.7669,66.7873,20.4575,6.0167,3.0085
144.3228,91.6734,68.3855,11.4986,2.6309,1.7096,188.3857,72.2335,24.2703,4.0451,4.6229
144.4752,93.8613,66.7078,11.2792,3.0676,1.6553,202.7152,72.1919,22.5234,4.0427,4.6204
144.6276,94.0057,64.4954,10.9515,3.3338,1.5913,215.6678,74.0097,16.1899,4.0475,6.3601
144.7800,96.1463,62.6800,10.6897,3.7808,1.5373,191.2222,72.1589,20.4451,6.0130,3.6081
144.9324,96.6341,60.3602,10.3213,4.0980,1.4750,215.2149,75.2101,22.5626,2.8930,5.7852
145.0848,98.9304,59.1588,10.2138,4.4931,1.4263,205.7208,80.9011,17.9139,7.5119,2.3117
145.2372,97.3806,56.4209,9.7922,4.6273,1.3502,203.7252,74.5191,17.4284,1.8031,6.0096
145.3896,98.1855,55.1827,9.7533,4.8581,1.2857,191.2760,71.6558,26.5811,5.2008,5.7785
145.5420,97.2800,52.9764,9.4496,5.0051,1.2173,220.2937,75.1657,13.8771,4.6256,2.8911
145.6944,98.4654,53.9614,9.7163,5.0277,1.2219,201.4438,66.7471,17.4387,4.2092,3.6080
145.8468,95.6059,52.5339,9.5892,4.8660,1.1639,211.0417,71.6976,22.5496,3.4694,4.0475
145.9992,95.8406,53.7342,9.9051,4.7569,1.1714,179.8509,80.6011,18.6464,7.2179,4.8120
146.1516,93.9508,51.4621,9.5705,4.8001,1.1052,200.8341,73.9917,15.0210,5.0069,3.8942
146.3040,97.5099,53.0486,9.7835,5.0229,1.1555,194.8879,73.9859,17.4436,3.6093,3.0076
146.4564,97.3320,51.7572,9.5421,5.1487,1.1280,205.4990,88.5660,17.3661,7.5252,4.0521
146.6088,99.2690,53.5852,9.8703,5.1610,1.1696,201.4430,67.3492,17.4385,4.8106,3.6080
146.7612,95.8456,51.0857,9.4502,5.0566,1.1071,198.0939,84.3189,20.2137,5.7753,4.6202
146.9136,97.4530,51.5716,9.6106,5.1833,1.1036,194.7423,66.4552,20.2252,4.6230,2.8895
147.0660,97.6308,51.1457,9.5346,5.2515,1.0939,209.2601,72.7606,18.0397,4.8106,5.4119
147.2184,96.9744,52.5170,9.7784,5.0225,1.1255,204.3415,81.6194,18.5238,4.6308,5.2099
147.3708,95.9487,53.0977,9.8434,4.8410,1.1465,203.8485,57.7277,17.4382,1.8042,6.6145
147.5232,95.6669,53.8636,9.9047,4.7226,1.1790,203.7519,69.2650,15.0075,6.3489,5.7719
147.6756,95.2415,54.7147,9.8634,4.5784,1.2367,205.8813,84.6329,19.2078,1.2008,4.2016
147.8280,91.1088,54.8178,9.6937,4.0999,1.2763,189.2900,68.3067,20.8393,5.7887,3.4732
147.9804,91.8155,58.8611,10.3348,3.7229,1.3850,174.8223,65.9920,20.2604,5.2098,3.4733
148.1328,94.6158,63.2040,11.1154,3.5487,1.4836,227.0264,76.8765,18.6189,4.2043,4.8048
148.2852,96.5318,67.4495,11.8245,3.2855,1.5907,217.0257,70.4191,22.5107,6.3491,5.1947
148.4376,94.0394,68.1951,11.9220,2.9197,1.6149,188.7037,79.9270,19.8316,5.4086,3.6059
148.5900,90.9260,68.0043,11.8752,2.5895,1.6130,217.5287,64.7963,17.3562,5.2066,5.7852
148.7424,89.4899,68.3092,11.8816,2.3928,1.6295,201.2140,68.2272,19.6587,1.7347,3.4694
148.8948,88.3047,67.5234,11.7035,2.3477,1.6189,197.7161,57.6934,17.4281,3.6059,7.2112
149.0472,90.8327,69.6519,11.9477,2.3929,1.6946,193.1209,75.1657,21.3937,6.3601,2.3129
149.1996,90.7210,69.3913,11.8487,2.4097,1.6990,218.4321,66.4551,25.4258,4.0449,3.4673
149.3520,90.5455,70.3459,11.9731,2.2820,1.7300,186.9003,71.5139,18.6298,0.6013,4.8078
149.5044,87.3633,69.2694,11.8092,2.0441,1.6997,208.2126,62.4636,17.9294,5.7837,5.7838
149.6568,91.5088,74.0662,12.6281,1.9705,1.8172,205.0847,57.7715,17.3311,5.1992,6.9323
149.8092,92.9270,77.1829,13.1256,1.7787,1.9004,220.7517,80.6010,18.0450,3.0075,4.8121
149.9616,94.6167,80.1713,13.6493,1.6319,1.9709,218.1477,72.7169,16.2265,3.0048,6.6105
150.1140,92.2272,79.6928,13.4950,1.4160,1.9735,196.0113,82.1035,24.2842,3.4694,5.7820
150.2664,90.5335,77.8439,13.1930,1.4336,1.9255,210.5866,63.6395,20.2487,5.7852,5.7853
150.4188,89.4818,75.1374,12.6268,1.6205,1.8799,199.9424,71.6550,19.6477,3.4673,5.2009
150.5712,89.0537,73.4469,12.3478,1.7631,1.8366,203.1242,61.2986,22.8367,4.2069,6.0096
150.7236,88.4414,72.9465,12.2551,1.7505,1.8257,190.6972,70.4992,24.8480,6.9342,5.2008
150.8760,88.5204,72.5079,12.3749,1.8090,1.7765,205.2608,60.1338,19.6588,3.4692,4.6257
151.0284,88.9364,71.2236,12.2492,2.0011,1.7265,191.9633,74.0095,18.5025,3.4692,5.7819
151.1808,89.0367,68.6429,11.7563,2.3039,1.6737,197.7447,68.8053,19.0807,2.8912,4.0475
151.3332,90.1771,69.2085,11.7097,2.3689,1.7158,191.9632,57.8212,20.2370,5.7818,5.2039
151.4856,88.3749,67.6283,11.2569,2.3438,1.7133,195.5468,74.6083,19.2538,1.8053,7.2200
151.6380,89.5969,68.8668,11.3776,2.3419,1.7616,182.7130,64.1808,17.3459,5.7818,4.0474
151.7904,88.1745,67.1972,10.9372,2.3699,1.7514,203.2914,71.6140,15.5935,1.7327,3.4652
151.9428,89.9525,69.2265,11.1711,2.3415,1.8234,194.2762,68.2281,17.3461,4.0473,3.4691
152.0952,90.7007,70.0168,11.2537,2.3367,1.8531,199.9419,72.8124,17.9135,2.3115,1.7337
152.2476,92.6007,72.2883,11.5541,2.2947,1.9260,194.2770,90.7762,12.1427,2.8910,4.0475
152.4000,94.3388,72.0284,11.5328,2.5205,1.9150,213.4789,66.5324,19.6703,2.3145,5.7853
152.5524,94.5500,69.9933,11.2222,2.7742,1.8579,197.1661,78.6361,20.8153,7.5164,4.6255
152.7048,92.6888,66.0865,10.6881,3.0053,1.7360,185.6025,89.0423,20.8152,4.6255,3.4692
152.8572,89.5192,63.1295,10.2658,2.9813,1.6472,181.5556,76.9001,20.2370,2.8910,3.4694
153.0096,86.2071,60.4650,9.8495,2.9081,1.5744,186.0734,64.1431,18.4920,3.4672,6.9341
153.1620,85.3326,59.6128,9.6922,2.9056,1.5558,185.4952,60.6766,22.5368,2.8893,2.3117
153.3144,80.2505,55.3031,9.0139,2.8184,1.4389,180.9969,69.1510,21.6471,3.0066,5.4117
153.4668,74.7708,51.3617,8.3324,2.6446,1.3441,160.2534,49.7542,13.3066,2.8925,2.3143
153.6192,67.7394,46.4333,7.5457,2.4070,1.2126,141.5775,50.2741,17.3356,0.5780,4.6229
153.7716,66.3810,45.5949,7.3587,2.3483,1.2007,139.8438,43.9184,9.8239,2.8892,4.6228
153.9240,74.3157,49.7511,8.1942,2.7751,1.2776,136.5376,52.0694,12.7278,1.1573,1.7356
154.0764,81.8936,55.5138,9.2087,2.9802,1.4127,185.7635,70.6012,12.7317,4.6297,1.7363
154.2288,90.5585,62.9004,10.4784,3.1246,1.5919,179.8213,59.5555,16.7682,6.3601,4.6256
154.3812,89.0878,64.8546,10.7388,2.7377,1.6542,188.9628,71.0773,21.9585,4.0450,4.6230
154.5336,90.3083,66.7735,11.0300,2.6588,1.7084,190.6971,63.5656,15.0248,3.4672,5.2009
154.6860,89.0217,65.2251,10.8604,2.6884,1.6517,202.6452,65.5444,19.2422,3.6080,6.0131
154.8384,90.1738,63.7986,10.7333,2.9797,1.5938,192.5418,69.3839,17.3460,4.6256,3.4692
154.9908,89.8759,60.9448,10.3656,3.2684,1.5003,201.7914,64.7594,16.7681,4.0473,4.0473
155.1432,89.5929,57.7116,9.8760,3.6017,1.4088,185.4957,78.0117,20.2251,2.3114,2.3115
155.2956,91.6265,56.6749,9.7312,3.9486,1.3770,188.4939,70.5415,15.6117,1.7348,2.8911
155.4480,92.3208,53.6155,9.3439,4.3726,1.2754,190.6191,84.1845,20.4445,4.8107,3.6081
155.6004,94.4238,55.2482,9.6770,4.4258,1.3046,186.7595,72.2751,12.7210,6.9382,6.9385
155.7528,88.7883,52.5229,9.2028,4.0970,1.2397,191.8507,71.0770,21.3807,2.8893,7.5120
155.9052,89.2309,54.8082,9.4722,3.8888,1.3195,169.4149,60.1347,15.0342,1.7350,2.3132
156.0576,88.7975,53.8160,9.2404,3.9520,1.3075,183.8956,74.5175,22.8361,4.8075,5.4088
156.2100,93.2316,54.7483,9.3638,4.3476,1.3374,194.8518,60.7130,19.0807,3.4694,6.3597
156.3624,94.4446,54.7263,9.3722,4.4871,1.3345,176.8298,75.7000,19.6474,5.2009,2.3116
156.5148,97.5884,55.5521,9.5164,4.7490,1.3541,196.0321,70.3555,18.6416,6.0131,3.6078
156.6672,100.6771,57.6272,9.9730,4.8635,1.3847,202.8321,76.2787,23.1144,5.2007,2.8893
156.8196,101.0600,58.1656,10.1588,4.8459,1.3793,207.5725,77.4793,20.8151,4.0478,2.8914
156.9720,97.7948,58.8367,10.4114,4.4012,1.3685,191.9618,79.2144,19.0800,6.9383,6.3596
157.1244,94.1335,59.6968,10.4635,3.8904,1.4082,182.0292,85.5225,13.8696,5.7781,1.1565
157.2768,89.6593,58.9786,10.2753,3.4661,1.4036,189.3015,69.7114,20.4320,1.2023,7.2111
157.4292,90.9673,60.6770,10.5517,3.4220,1.4479,177.9819,68.7661,14.4460,4.6234,3.4667
157.5816,92.5227,61.5546,10.8674,3.4985,1.4366,204.6821,69.9628,23.1282,3.4696,2.8914
157.7340,94.4082,61.5109,10.9291,3.7165,1.4219,193.6961,73.4304,24.2849,6.9387,5.7818
157.8864,94.1815,60.2751,10.7652,3.8305,1.3823,181.6027,63.1402,27.6591,9.0190,3.6082
158.0388,91.8527,58.1502,10.3929,3.8075,1.3321,207.4521,73.9666,13.2913,1.7340,5.7783
158.1912,90.9321,58.2327,10.4912,3.6941,1.3175,187.6986,69.8815,16.1705,4.6201,2.3103
158.3436,90.8165,57.5629,10.5258,3.7567,1.2717,188.6054,68.8456,12.7283,2.8925,4.0499
158.4960,91.7868,58.2976,10.6989,3.7834,1.2802,209.8593,66.7479,16.8371,1.2028,5.4123
158.6484,90.9845,59.4548,10.8556,3.5620,1.3166,190.1181,75.1211,17.3363,2.3118,8.6675
158.8008,87.2435,57.5560,10.4399,3.3539,1.2882,187.1208,61.2183,19.6357,4.6201,4.6206
158.9532,83.8982,55.4333,10.0624,3.2158,1.2392,185.6009,58.3989,16.1900,2.8913,7.5165
159.1056,84.4749,55.1250,10.0931,3.3157,1.2152,169.9948,62.4454,19.0802,5.2037,6.3599
159.2580,82.0830,54.4639,9.9343,3.1202,1.2081,198.7829,59.5204,15.0248,4.6227,4.0447
159.4104,81.7793,54.9491,10.0125,3.0311,1.2209,169.0226,60.1509,16.8422,3.0079,1.2035
159.5628,82.8120,55.0951,10.0424,3.1312,1.2235,169.4165,64.7587,17.9244,5.7821,5.2036
159.7152,86.6430,58.5400,10.6323,3.1749,1.3075,197.0522,65.8772,19.0697,6.3564,3.4672
159.8676,88.3059,61.1125,10.9650,3.0721,1.3916,191.5753,68.0892,19.6186,5.1936,3.4622
160.0200,87.8027,62.0877,10.9577,2.9051,1.4498,191.3847,61.2896,15.0341,7.5162,3.4694
160.1724,89.9762,62.9506,10.8929,3.0531,1.5129,190.7926,63.1976,22.2686,4.2130,4.8149
160.3248,91.4101,62.8928,10.7434,3.2217,1.5390,200.1729,76.9438,19.0916,3.4717,4.6283
160.4772,90.3465,60.9791,10.2411,3.3177,1.5269,194.6270,64.6842,17.9036,7.5076,4.6201
160.6296,88.4045,59.0363,9.6684,3.3178,1.5270,179.0377,67.5708,18.4814,4.6200,3.4655
160.7820,87.2471,57.2150,9.0791,3.3928,1.5374,197.0512,61.8327,21.3808,2.3117,5.7784
160.9344,88.8670,58.0924,9.0252,3.4767,1.5991,183.5137,68.5930,18.6526,4.2120,3.6100
161.0868,90.7103,60.1140,9.2860,3.4565,1.6653,182.8201,76.3664,21.9838,5.7853,2.8931
161.2392,91.8230,62.8808,9.7711,3.2697,1.7305,203.9862,73.3887,17.3365,5.2005,6.3563
161.3916,92.5477,65.1741,10.2012,3.0925,1.7791,195.2062,69.3049,20.7917,2.3101,4.6202
161.5440,89.9998,65.6201,10.3035,2.7542,1.7848,193.0243,75.7651,24.6540,2.4055,4.2092
161.6964,89.5369,66.0042,10.3703,2.6586,1.7940,190.3382,63.0612,22.5630,4.0496,4.0498
161.8488,86.5901,63.9099,9.9773,2.5622,1.7497,187.9144,69.3841,23.1275,2.8909,4.6255
162.0012,87.4029,63.2694,9.8465,2.7264,1.7383,177.9849,68.7663,18.4921,2.3116,4.0452
162.1536,88.0994,63.9073,9.9116,2.7330,1.7626,191.2216,69.1519,21.0468,3.6078,4.8103
162.3060,87.8185,64.0052,9.9458,2.6902,1.7615,198.4350,67.1100,25.4552,2.3144,2.3141
162.4584,84.2091,62.0545,9.6160,2.5029,1.7131,174.2782,65.5044,22.2350,4.8076,1.8030
162.6108,78.7881,58.2631,8.9577,2.3188,1.6224,169.4128,61.8672,17.3453,4.0471,2.8914
162.7632,80.6593,59.8096,9.0422,2.3554,1.6958,166.5695,58.9307,11.4260,1.2031,6.0133
162.9156,80.3224,58.9573,8.9058,2.4137,1.6731,191.9602,67.6481,18.5021,4.6258,6.3599
163.0680,87.2854,63.5235,9.6990,2.6844,1.7822,168.9857,54.9792,15.6256,6.3655,4.0512
163.2204,85.9175,62.0146,9.6510,2.7004,1.7038,203.2436,74.5624,20.4457,4.2096,6.0130
163.3728,91.1972,66.8055,10.4954,2.7556,1.8159,173.8408,61.2203,25.9883,6.9302,4.0425
163.5252,87.0313,63.4489,10.0311,2.6642,1.7122,198.9153,75.1199,20.4318,5.4086,2.4040
163.6776,88.8849,64.9147,10.2842,2.7080,1.7476,174.7203,72.8952,12.7287,4.6281,4.0499
163.8300,89.1479,63.1603,10.1478,2.9359,1.6724,193.6281,69.7526,19.8437,3.0068,5.4119
163.9824,92.4407,64.8610,10.5843,3.1157,1.6851,211.0622,63.1401,19.8443,4.2091,5.4117
164.1348,93.4969,65.6443,10.8585,3.1466,1.6765,193.5106,72.7166,25.2397,3.0047,3.6055
164.2872,93.0186,66.5445,10.9786,2.9908,1.7052,201.2144,75.1659,19.6585,2.3132,1.7348
164.4396,94.8270,68.4637,11.2020,2.9783,1.7728,202.5237,72.7181,16.8274,5.4086,3.6062
164.5920,92.9999,67.5112,10.9254,2.8795,1.7720,199.4791,86.7269,20.8155,5.2035,6.9383
164.7444,93.9135,67.3918,10.8583,2.9962,1.7783,194.9477,58.9663,22.8636,3.0088,6.0166
164.8968,93.1006,65.6312,10.5142,3.1033,1.7438,210.3980,68.5307,19.8390,6.0110,4.2085
165.0492,93.7221,65.2486,10.5052,3.2167,1.7233,196.0115,72.2745,30.6426,2.8910,8.0941
165.2016,92.6414,65.5272,10.5751,3.0632,1.7257,205.0499,66.1457,13.8318,3.0070,1.8044
165.3540,90.3165,64.9429,10.6366,2.8665,1.6796,195.4295,67.9498,25.2546,6.0131,5.4116
165.5064,91.7226,65.7355,10.9114,2.9358,1.6714,191.8517,70.5013,17.3366,5.2007,2.8895
165.6588,89.0090,62.2611,10.5729,3.0218,1.5360,188.8145,82.3789,21.6473,4.2091,4.2093
165.8112,90.4715,63.0925,10.9188,3.0931,1.5160,181.4940,63.1010,18.6298,3.0046,4.2070
165.9636,89.6846,62.5053,10.9757,3.0705,1.4706,210.9363,63.1016,18.6296,1.2022,6.0095
166.1160,91.7181,63.9560,11.2750,3.1363,1.4959,201.4427,67.9490,16.8377,3.6083,4.8106
166.2684,91.3219,62.4680,11.0170,3.2597,1.4602,197.3940,64.2565,22.5757,6.3676,4.6310
166.4208,94.6104,63.9883,11.3039,3.4595,1.4920,188.7055,79.3266,20.4333,6.6105,4.8073
166.5732,98.0481,63.5212,11.2767,3.9006,1.4702,218.0827,76.8998,25.2325,6.0080,1.8029
166.7256,97.5171,62.2020,11.1205,3.9896,1.4243,211.4960,75.1231,23.1142,7.5119,6.3566
166.8780,95.1030,59.4812,10.7027,4.0243,1.3484,182.3133,77.6162,19.2535,4.2121,7.2201
167.0304,91.3444,59.2583,10.6305,3.6249,1.3497,205.6507,68.5510,16.2357,6.6145,6.6144
167.1828,90.9774,60.2470,10.7734,3.4717,1.3790,190.9915,70.2693,16.2167,6.0060,5.4053
167.3352,89.1956,59.7060,10.6698,3.3315,1.3680,194.7104,62.5011,20.4325,6.0092,4.8077
167.4876,91.6935,60.0067,10.8569,3.5797,1.3485,185.0279,71.1188,18.5020,2.3133,5.2035
167.6400,93.5706,59.5900,10.8865,3.8389,1.3184,212.1396,70.9123,14.4232,6.0094,2.4041
167.7924,95.9573,59.4027,10.9244,4.1297,1.3000,214.0698,61.3357,15.0337,4.2090,4.2093
167.9448,96.1516,59.2103,10.9499,4.1734,1.2838,204.6827,67.6505,20.2370,2.3133,4.6257
168.0972,93.9808,58.5470,10.8898,4.0031,1.2570,198.3155,74.5185,19.8318,6.6102,5.4081
168.2496,91.7187,58.9804,10.9734,3.6985,1.2657,183.1837,68.4677,20.4203,3.6038,1.2019
168.4020,91.6896,60.6683,11.2025,3.5045,1.3187,187.0707,61.9558,19.8495,4.8119,6.6163
168.5544,92.6950,61.5057,11.1900,3.5235,1.3700,211.9165,69.2360,18.6643,3.6124,4.8164
168.7068,94.3139,61.8233,11.1655,3.6706,1.3933,178.5934,73.9631,25.8565,4.2094,4.8107
168.8592,92.3606,60.2211,10.6886,3.6309,1.3943,182.6049,76.8563,22.5371,5.2011,5.7786
169.0116,93.9024,61.1059,10.7486,3.7051,1.4339,172.4807,76.3213,24.6380,7.8118,4.8077
169.1640,94.4548,63.5117,10.9732,3.4957,1.5297,210.8092,69.6706,12.6131,2.4025,4.8048
169.3164,92.4337,63.7646,10.9260,3.2388,1.5537,198.0709,77.0612,16.8571,3.0104,4.8160
169.4688,92.3563,64.5224,10.9861,3.1445,1.5860,176.7909,70.3557,15.0331,4.2094,1.8046
169.6212,92.0689,63.8423,10.7640,3.1888,1.5903,192.9087,78.1248,15.0247,5.4083,7.2112
169.7736,93.6496,65.0771,10.9137,3.2279,1.6326,192.8504,76.8993,20.4260,2.4031,4.2055
169.9260,93.3387,65.9252,10.8918,3.0970,1.6863,190.5058,71.5153,16.2260,2.4038,4.8079
170.0784,93.5318,66.4098,10.8755,3.0640,1.7178,198.5554,78.8203,16.8480,1.8056,6.6182
170.2308,93.9356,65.9670,10.7567,3.1597,1.7155,193.6252,75.7661,23.4510,6.6148,3.6082
170.3832,92.6480,64.4913,10.7018,3.1809,1.6404,186.8989,70.9139,18.6306,9.0135,5.4084
170.5356,92.6063,64.1443,10.8420,3.2154,1.5924,185.5879,74.4743,25.2247,1.8020,3.6038
170.6880,92.3263,63.8013,10.9925,3.2225,1.5427,204.3253,73.3170,21.0334,3.6057,4.8078
170.8404,91.8346,63.0608,10.9124,3.2507,1.5154,191.2215,70.9546,19.2424,3.0068,5.4118
170.9928,91.6898,63.7180,11.0832,3.1600,1.5199,197.8360,58.9307,19.8440,4.2095,4.8103
171.1452,88.6596,61.6240,10.6171,3.0543,1.4901,204.1287,67.6266,22.5419,6.2613,2.5048
171.2976,89.1466,61.1218,10.5084,3.1660,1.4824,170.5742,66.0653,19.2197,3.0031,3.0032
171.4500,91.2349,59.8472,10.3339,3.5459,1.4426,200.2434,59.5319,23.4513,3.6079,4.2092
171.6024,97.9397,61.5526,10.7033,4.1107,1.4689,223.6131,67.0227,21.2966,3.1320,3.7582
171.7548,97.8052,61.2396,10.6409,4.1309,1.4630,215.1403,75.7213,21.6343,4.2067,3.6060
171.9072,94.1813,60.0488,10.3185,3.8560,1.4574,182.6729,76.9455,18.7668,3.7540,5.6307
172.0596,93.0504,61.6013,10.6619,3.5529,1.4800,196.1170,63.9122,12.5316,7.5183,8.7712
172.2120,93.2852,63.9203,11.1233,3.3174,1.5238,209.9672,83.9887,14.4158,3.1333,2.5063
172.3644,93.1508,64.6926,11.3768,3.2150,1.5186,193.5086,72.1160,14.4235,5.4085,7.8120
172.5168,91.4668,64.2879,11.2682,3.0705,1.5165,185.1745,76.9473,17.5166,3.7534,3.7536
172.6692,92.0607,64.5697,11.3724,3.1057,1.5124,192.3092,78.1240,19.2304,3.0050,4.8074
172.8216,89.8344,63.7249,11.2309,2.9497,1.4911,204.8842,70.1747,16.2905,4.3861,2.5063
172.9740,88.9655,63.9300,11.3562,2.8283,1.4783,179.8808,63.9317,14.4164,5.6410,2.5074
173.1264,89.4140,64.2843,11.5005,2.8390,1.4704,179.0896,79.3261,21.0335,6.6102,5.4084
173.2788,92.6182,66.2567,12.0112,2.9781,1.4843,203.9394,72.5687,20.0187,3.1279,3.1283
173.4312,92.7544,65.0495,11.8631,3.1299,1.4433,189.0459,78.2466,19.4048,2.5041,6.2596
173.5836,95.5131,66.2022,11.9413,3.3113,1.4950,193.4899,72.6376,15.0290,4.3832,5.0098
173.7360,97.0379,67.6482,12.0092,3.3202,1.5658,210.7230,84.0377,21.9509,4.3898,8.1531
173.8884,98.9117,70.3633,12.2454,3.2252,1.6772,199.6396,74.5638,25.2552,2.4056,8.4180
174.0408,96.1540,69.7722,12.0627,2.9804,1.6789,203.3153,72.5682,21.8951,5.0044,4.3791
174.1932,95.8426,69.7374,12.0085,2.9492,1.6876,200.8145,73.8189,18.7671,2.5027,4.3792
174.3456,95.0254,69.4042,12.0103,2.8945,1.6678,211.1507,71.4289,15.0389,5.0123,5.0124
174.4980,91.9697,68.5988,11.8777,2.6403,1.6471,193.0435,73.9557,25.6959,3.1337,3.7607
174.6504,92.3427,70.9509,12.1327,2.4167,1.7337,197.2369,55.3235,14.4322,2.4055,4.8105
174.8028,92.3273,73.6150,12.5140,2.1140,1.8135,221.5940,70.1098,18.1540,4.3821,4.3819
174.9552,95.5676,76.8135,12.9953,2.1187,1.9046,202.9452,72.0329,23.1752,6.2635,5.0106
175.1076,92.4593,74.3417,12.6870,2.0468,1.8216,212.8968,74.5137,19.4112,4.3833,1.8791
175.2600,90.8134,72.0675,12.2371,2.1178,1.7781,193.4257,66.3547,18.1544,5.0079,6.2598
175.4124,88.8963,69.1854,11.7096,2.2268,1.7145,180.9089,74.4921,26.9158,5.6334,6.2597
175.5648,88.8462,68.1239,11.4420,2.3411,1.7056,190.9246,80.1231,16.2755,2.5042,5.6337
175.7172,89.8085,66.8269,11.2400,2.5963,1.6700,201.4442,62.5382,16.8371,4.8104,4.8105
175.8696,91.7487,67.8836,11.3225,2.6961,1.7152,209.8988,67.6709,17.5441,3.1331,4.3859
176.0220,91.0458,66.6737,11.0744,2.7534,1.6938,202.5219,81.7284,19.8320,5.4087,4.2071
176.1744,90.2183,65.9533,10.8967,2.7413,1.6870,185.4075,62.0115,21.9226,5.6368,6.8894
176.3268,87.8210,63.1707,10.4655,2.7848,1.6102,200.9382,68.8571,19.4049,1.2522,1.2526
176.4792,91.1877,65.1151,10.8085,2.9455,1.6556,194.6802,64.4775,15.6500,3.1299,6.8855
176.6316,90.7810,66.1517,10.9571,2.7824,1.6866,203.3065,78.7958,20.4507,3.6094,4.8121
176.7840,90.8980,68.0659,11.2924,2.5794,1.7318,189.1640,68.9004,16.9127,6.8895,5.6372
176.9364,87.9582,67.6248,11.2603,2.2971,1.7124,190.8044,66.3124,22.5201,2.5022,4.3792
177.0888,85.4465,65.5584,10.8842,2.2468,1.6665,194.8257,67.9499,14.4320,1.2028,4.8104
177.2412,84.3968,64.4105,10.5682,2.2579,1.6621,170.4827,71.4500,16.2956,2.5072,3.1336
177.3936,83.7787,62.6243,10.1098,2.3899,1.6487,196.7417,63.2821,14.4118,3.7594,1.2535
177.5460,85.6033,64.6230,10.4714,2.3702,1.6936,195.9119,54.0880,21.0343,3.6059,4.2067
177.6984,86.0838,65.2292,10.6793,2.3560,1.6878,182.7861,65.7273,26.2906,5.0080,3.7560
177.8508,89.3764,67.9989,11.3059,2.4151,1.7252,186.6603,62.6384,22.5493,6.2637,5.0109
178.0032,93.1297,68.7389,11.4646,2.7555,1.7370,202.8807,73.8894,22.5419,6.2616,4.3834
178.1556,93.6926,66.2984,11.0684,3.0948,1.6731,205.0496,80.5758,19.8436,4.8101,6.0130
178.3080,92.8319,63.1089,10.4243,3.3579,1.6147,192.9226,68.2747,19.4172,0.6269,3.7588
178.4604,94.3119,61.1313,10.1349,3.7485,1.5567,197.9348,71.4067,16.9128,5.0110,8.1427
178.6128,97.9022,62.3502,10.3961,4.0164,1.5761,212.8327,75.7430,23.7872,5.6334,7.5110
178.7652,97.5127,61.6694,10.4965,4.0493,1.5166,214.2850,73.3072,23.8083,2.5062,1.2533
178.9176,93.7095,60.4593,10.4379,3.7564,1.4577,208.1821,64.3808,13.8387,1.8053,3.0083
179.0700,89.5407,58.8127,10.3525,3.4714,1.3787,201.1877,68.9445,13.7889,3.7606,1.8812
179.2224,90.3881,59.2631,10.6363,3.5163,1.3488,175.2755,73.8661,14.3980,3.7560,9.3894
179.3748,89.1376,57.3728,10.4570,3.5885,1.2742,188.3012,79.4484,18.1416,5.0044,6.8807
179.5272,92.4927,58.5072,10.7521,3.8394,1.2819,185.8661,70.9783,14.4370,3.0078,0.6020
179.6796,93.0755,59.6746,10.8764,3.7734,1.3253,198.0567,77.7189,21.9367,5.0143,4.3870
179.8320,93.5660,60.1586,10.9982,3.7741,1.3294,194.8974,80.4434,22.2362,6.5402,1.9622
179.9844,91.6164,58.8274,10.7511,3.7043,1.3008,185.0956,69.1119,17.4280,6.0096,3.0050
180.1368,90.0185,56.1780,10.3117,3.8231,1.2333,180.5654,79.6227,18.1819,5.6423,4.3890
180.2892,92.2712,56.7247,10.4044,4.0158,1.2468,189.7916,70.1522,18.7915,2.5062,6.8901
180.4416,96.9217,57.8657,10.7482,4.4123,1.2453,201.6950,59.5064,21.9221,8.1423,7.5160
180.5940,98.5779,58.1018,10.8809,4.5727,1.2329,233.2261,69.5913,15.0472,3.7618,3.7621
180.7464,99.2172,57.1428,10.6395,4.7532,1.2247,210.4581,60.1347,16.9118,3.7584,6.8897
180.8988,95.4187,54.0595,9.8822,4.6725,1.1948,191.5501,85.7569,15.6497,5.0077,3.7557
181.0512,98.1439,55.1559,9.9948,4.8565,1.2364,198.4380,68.8588,17.5274,4.3817,2.5042
181.2036,96.3394,55.4488,9.9894,4.6195,1.2546,222.4362,79.1612,17.6651,3.2712,4.5799
181.3560,95.9548,57.9654,10.4375,4.2918,1.3125,188.6570,68.3175,23.8161,3.1340,6.8940
181.5084,91.9492,58.8130,10.4984,3.7435,1.3499,200.4368,71.4071,16.9124,5.0109,3.7587
181.6608,93.2169,61.9687,10.9926,3.5302,1.4360,186.5429,78.8734,20.0316,4.3819,7.5114
181.8132,93.8522,62.7367,10.9858,3.5152,1.4820,197.8713,80.1502,22.5421,5.0092,5.0090
181.9656,96.1853,63.3113,10.9245,3.7139,1.5276,200.4409,79.5486,21.2960,3.7585,1.8794
182.1180,99.0215,64.1123,11.0784,3.9438,1.5439,220.4835,76.4165,16.2866,6.2636,4.3844
182.2704,100.9964,65.1930,11.2284,4.0448,1.5771,230.5017,70.7813,24.4277,5.6370,2.5057
182.4228,98.2446,63.3946,10.9095,3.9371,1.5354,209.7661,82.6541,18.7848,3.1309,4.3832
182.5752,93.7976,60.8035,10.3769,3.7274,1.4898,191.5040,75.8152,15.0331,3.2683,4.5751
182.7276,91.9575,59.3609,10.1341,3.6825,1.4538,197.9326,60.7591,18.7918,5.6369,4.3847
182.8800,90.5038,56.0062,9.6192,3.8973,1.3602,194.9841,70.8442,24.4503,2.5080,5.0156
183.0324,92.5948,54.4708,9.3239,4.3070,1.3292,193.3068,53.1768,15.0152,3.7537,4.3793
183.1848,91.1886,50.6744,8.6596,4.5770,1.2394,197.7800,69.1903,24.1507,5.2218,5.8743
183.3372,95.3482,51.6151,8.8586,4.9406,1.2548,191.7923,66.4374,18.1764,4.3871,2.5071
183.4896,96.8973,51.9967,9.1412,5.0725,1.2212,215.0464,70.8475,20.0626,2.5081,3.1351
183.6420,100.7986,55.5200,9.8558,5.1152,1.2851,209.8335,80.1757,19.4172,5.0113,5.6376
183.7944,100.4168,57.2763,10.1682,4.8737,1.3257,205.8174,82.5760,17.5175,8.1320,8.1323
183.9468,99.5808,57.7992,10.1677,4.7202,1.3562,201.1768,71.1951,26.1262,3.2663,5.2251
184.0992,97.5389,57.4301,10.0839,4.5312,1.3513,210.0297,69.5943,21.9427,6.8962,3.1350
184.2516,95.3093,57.7620,10.0907,4.2418,1.3693,196.5559,84.5064,14.3980,3.7559,5.0075
184.4040,96.1272,58.8522,10.1945,4.2111,1.4122,186.2779,79.0848,18.3011,3.9220,2.6142
184.5564,99.6814,61.1273,10.4500,4.3556,1.4942,214.2865,77.6952,21.9299,7.5185,1.2534
184.7088,102.3922,62.0343,10.5883,4.5593,1.5197,220.3428,85.7585,22.5344,5.0077,3.7560
184.8612,102.7519,63.8046,10.7879,4.4000,1.5834,207.8265,81.3774,16.2750,4.3819,5.0077
185.0136,101.1302,64.4532,10.8436,4.1435,1.6101,222.2206,83.2547,12.5204,5.0079,4.3823
185.1660,99.6436,65.4899,10.8289,3.8584,1.6734,208.7000,79.8158,19.6277,5.8879,8.5046
185.3184,95.3757,63.8260,10.3743,3.5642,1.6664,197.4289,71.4517,25.0699,4.3872,5.0136
185.4708,90.1077,60.3584,9.7320,3.3609,1.5914,186.5411,77.6196,20.0311,3.1301,1.2524
185.6232,90.9747,60.7263,9.7636,3.4172,1.6066,183.4146,63.8515,18.1535,5.0075,5.0080
185.7756,93.1801,61.9812,9.9399,3.5246,1.6448,207.7749,77.7519,18.9484,1.9603,6.5337
185.9280,94.6510,63.6153,10.0579,3.5062,1.7166,205.4491,73.9109,21.9226,3.1318,5.6368
186.0804,90.7968,62.3067,9.7614,3.2186,1.6990,202.7443,67.3645,18.9671,2.6161,1.3084
186.2328,90.0099,63.5417,9.9389,2.9902,1.7359,181.5366,68.8577,22.5348,2.5043,4.3822
186.3852,92.5485,67.2591,10.4796,2.8570,1.8455,205.3867,70.1313,19.4124,5.6353,6.8876
186.5376,93.1609,70.0516,10.7403,2.6107,1.9566,218.7362,68.3181,27.5771,3.1336,4.3873
186.6900,92.5481,71.0286,10.6618,2.4311,2.0290,186.2789,75.8155,23.5285,1.3072,3.9215
186.8424,89.7092,70.0740,10.3899,2.2182,2.0271,222.2883,63.2447,16.2808,1.2529,3.1313
186.9948,90.3126,71.7534,10.7924,2.0967,2.0454,193.9874,72.5028,18.2889,5.8791,6.5321
187.1472,88.1905,71.6127,10.9838,1.8728,1.9993,197.9321,75.1637,17.5385,3.7583,5.0106
187.2996,87.7333,71.6351,11.1649,1.8187,1.9649,191.0367,69.3492,18.3191,4.5796,1.9630
187.4520,89.6918,70.4631,11.0094,2.1723,1.9273,189.1670,70.7792,22.5495,4.3845,4.3843
187.6044,89.7985,69.3307,10.9237,2.3123,1.8783,215.5423,65.9707,24.1658,3.9190,1.9596
187.7568,92.7873,70.4510,11.2624,2.5234,1.8766,189.9496,72.4542,12.4038,3.9167,2.6113
187.9092,90.8282,69.9545,11.3217,2.3582,1.8360,205.0146,71.4722,26.3319,5.6424,5.6424
188.0616,88.5630,67.6848,11.0311,2.3587,1.7613,196.3319,62.1726,22.9052,3.9264,3.9267
188.2140,88.9288,67.5517,11.1645,2.4150,1.7271,169.9952,60.8055,18.3067,1.3081,3.9231
188.3664,87.4649,65.0313,10.8936,2.5344,1.6339,210.8184,71.3166,18.7675,5.6299,6.2557
188.5188,90.0922,66.7606,11.1539,2.6358,1.6832,175.7041,69.2352,18.2881,2.6128,5.2257
188.6712,87.9361,66.3282,10.8807,2.4411,1.7120,191.5031,64.7071,13.0726,3.2683,7.8429
188.8236,88.0454,68.4005,11.0572,2.2193,1.7978,190.3566,74.5138,18.7847,5.6352,6.2614
188.9760,92.1001,72.7418,11.7575,2.1870,1.9122,187.5845,67.3221,14.3800,2.6149,3.2679
189.1284,91.9045,73.0440,11.9308,2.1307,1.8955,210.5935,82.4046,22.2370,6.5400,2.6167
189.2808,92.8623,74.2556,12.2622,2.1021,1.9006,196.7955,64.7273,24.1907,4.5768,7.8452
189.4332,88.6565,71.4771,11.8890,1.9408,1.8125,190.0726,67.2761,22.2070,5.8782,3.9194
189.5856,89.1940,72.6178,12.1357,1.8727,1.8302,196.6050,65.3176,16.3297,3.2657,7.1845
189.7380,91.2374,75.1333,12.6899,1.8193,1.8671,208.6458,72.0565,20.0498,1.8799,4.3861
189.8904,93.7153,77.9792,13.2941,1.7778,1.9134,201.8307,82.9510,17.6355,3.9188,5.2249
190.0428,95.8256,78.9645,13.6926,1.9048,1.8920,216.9929,72.5496,17.6480,2.6143,1.9613
190.1952,96.5917,77.4338,13.5474,2.1643,1.8316,212.4870,77.1490,25.4983,1.9615,5.8843
190.3476,94.5660,73.9259,12.9893,2.3318,1.7376,206.5335,73.8563,23.5287,2.6145,5.8820
190.5000,93.1417,72.0447,12.5383,2.3834,1.7172,186.2171,74.4848,17.6411,3.9202,3.2671
190.6524,94.4322,75.1957,12.8503,2.1732,1.8391,214.8930,69.2371,15.6768,3.2661,4.5722
190.8048,94.3403,76.1333,12.8539,2.0569,1.8930,221.5644,79.7381,22.2217,5.2288,4.5752
190.9572,94.5317,77.4406,12.9811,1.9308,1.9439,186.9938,75.8407,17.6528,5.8838,5.2303
191.1096,91.4072,73.5832,12.3700,2.0136,1.8401,224.6861,67.2771,17.6359,1.9597,3.9192
191.2620,93.7681,74.9366,12.7235,2.1275,1.8490,194.6446,73.8087,20.2481,3.9189,5.8789
191.4144,95.7079,75.0547,12.8543,2.3332,1.8301,199.4147,79.7657,19.6134,3.2689,9.1528
191.5668,97.4253,76.2164,13.1217,2.3960,1.8449,224.8334,88.2345,12.4192,1.9617,5.2290
191.7192,94.7262,73.4738,12.8045,2.4009,1.7478,198.5610,81.6453,19.5944,9.1438,7.1847
191.8716,92.0853,71.9115,12.6893,2.2791,1.6796,181.7601,75.8426,14.3846,4.5764,5.8841
192.0240,93.0675,72.6434,12.9885,2.3074,1.6631,192.8138,82.3521,20.9149,2.6145,4.5750
192.1764,94.9059,73.5831,13.2132,2.4089,1.6734,220.1160,75.7656,19.5954,3.9187,3.2659
192.3288,96.3354,74.9600,13.4862,2.4148,1.6996,207.1096,60.8347,22.5563,1.3673,3.4178
192.4812,95.8210,74.8162,13.4474,2.3730,1.6989,215.0318,67.3211,21.5683,3.2683,4.5752
192.6336,96.3504,75.7538,13.6379,2.3269,1.7159,207.8223,74.4912,18.7797,6.2598,5.0082
192.7860,93.5119,72.4408,12.9937,2.3805,1.6503,187.5212,72.5242,21.5609,6.5333,7.8403
192.9384,92.1442,68.8991,12.4297,2.6261,1.5555,193.9925,63.3568,16.3294,1.9601,5.2251
193.0908,91.8461,66.4129,11.9781,2.8733,1.5000,207.0522,59.4389,17.6367,7.1846,3.2660
193.2432,90.2089,64.1854,11.5193,2.9399,1.4610,190.9093,64.7282,27.4584,5.2302,4.5771
193.3956,91.8400,65.7829,11.6051,2.9437,1.5370,167.9787,74.5100,15.0334,3.2678,7.8430
193.5480,93.7053,67.7937,11.8196,2.9273,1.6117,207.6501,76.5016,21.1759,2.0500,6.8304
193.7004,94.9901,69.8058,12.1561,2.8451,1.6624,206.5332,67.3211,29.4102,8.4964,5.2286
193.8528,93.3354,69.1900,12.1403,2.7278,1.6297,184.1947,73.8079,16.9829,5.8782,3.9193
194.0052,90.7590,68.1277,12.0627,2.5567,1.5831,195.4875,73.2269,21.5754,3.2693,6.5378
194.1576,92.7486,69.3300,12.3836,2.6457,1.5897,185.5001,75.7686,19.5946,5.2252,4.5723
194.3100,95.7138,71.7089,12.7682,2.7119,1.6522,188.8921,84.9668,16.3410,3.9216,5.2284
194.4624,96.5964,70.7840,12.6299,2.9161,1.6257,215.1610,80.5996,25.9554,4.0989,2.0499
194.6148,98.8947,72.0616,12.8670,3.0314,1.6532,190.9776,68.6726,18.3127,8.5020,7.8479
194.7672,95.8053,69.3136,12.6140,2.9928,1.5432,216.4088,70.6103,18.9608,5.8841,4.5765
194.9196,99.3780,71.8516,13.1006,3.1097,1.5948,201.8286,62.7075,21.5549,4.5723,3.2663
195.0720,98.6157,70.6430,12.9322,3.1601,1.5577,199.8716,90.7868,24.1667,5.8784,7.1846
195.2244,98.9902,70.8511,12.8351,3.1790,1.5890,218.3712,62.1115,20.2682,5.2302,5.2304
195.3768,94.5623,69.7885,12.5140,2.7988,1.5906,211.8184,59.4477,21.1824,2.7334,4.7831
195.5292,90.4101,67.8265,12.0108,2.5513,1.5758,190.8493,69.2801,23.5286,4.5751,5.2289
195.6816,88.6346,67.1177,11.8267,2.4308,1.5710,188.1735,61.4189,16.9885,3.9207,6.5335
195.8340,90.3095,68.5524,12.0351,2.4580,1.6133,185.5016,69.8897,21.5552,7.1846,3.9193
195.9864,92.2031,71.1572,12.5918,2.3776,1.6550,201.3724,75.8428,26.8041,5.2306,6.5379
196.1388,95.8077,75.0677,13.1746,2.3430,1.7675,196.1077,84.0455,10.2505,6.1492,4.7832
196.2912,95.0073,75.8429,13.2232,2.1651,1.8030,216.3403,87.5791,18.9535,2.6146,5.8826
196.4436,93.5959,76.6167,13.1756,1.9182,1.8575,219.6756,66.0365,13.0769,4.5765,7.8451
196.5960,91.7936,77.3310,13.3081,1.6339,1.8729,186.9704,81.1999,19.1065,3.4115,2.7300
196.7484,92.2057,78.6987,13.5498,1.5259,1.9048,215.5448,72.5020,22.2079,1.3066,7.1846
196.9008,91.9648,76.7981,13.2478,1.7134,1.8538,210.3811,75.1351,23.9064,3.4152,5.4644
197.0532,91.9788,73.9005,12.7452,2.0424,1.7844,198.6933,62.7470,18.3014,2.6145,4.5750
197.2056,91.5396,69.8823,12.0738,2.4467,1.6831,202.3243,78.6052,24.6057,3.4179,3.4180
197.3580,94.9830,71.1552,12.3064,2.6919,1.7113,204.5782,75.1620,14.3796,5.2285,6.5357
197.5104,94.8676,69.0986,11.9297,2.9112,1.6660,229.5047,63.5258,18.4430,2.7325,4.7815
197.6628,94.0451,68.0645,11.6111,2.9351,1.6687,201.1763,73.1539,21.5541,5.2251,5.2251
197.8152,92.0119,65.3378,10.9815,3.0134,1.6344,206.3534,65.5965,17.7660,3.4165,3.4168
197.9676,89.9191,63.6720,10.4149,2.9652,1.6494,196.2715,68.0393,20.9352,3.9251,5.8880
198.1200,89.9526,63.0496,10.1807,3.0393,1.6594,201.4329,58.0424,17.7533,1.3661,4.7802
198.2724,86.8030,60.0250,9.5813,3.0252,1.6018,192.6195,75.0877,16.3245,5.2236,7.8349
198.4248,91.6389,61.5443,9.8478,3.3999,1.6375,175.6119,58.0822,21.1824,4.7832,3.4162
198.5772,92.9119,59.6393,9.5856,3.7589,1.5784,220.2444,76.6065,23.2553,6.1558,1.3682
198.7296,97.1551,60.3286,9.8561,4.1604,1.5651,205.0927,69.2365,18.9424,5.2255,3.2660
198.8820,92.9589,57.8517,9.5541,3.9662,1.4806,188.4603,75.1111,23.2149,6.8279,4.7797
199.0344,93.0514,58.2997,9.6976,3.9260,1.4783,189.3368,75.8725,13.6713,3.4178,4.1009
199.1868,90.2550,57.0016,9.4488,3.7567,1.4519,188.2331,84.3125,20.2612,4.5751,1.9609
199.3392,95.4665,58.2456,9.6961,4.2049,1.4754,170.6532,74.4030,18.4314,4.0959,2.7307
199.4916,93.5572,55.6006,9.2442,4.2881,1.4107,209.6240,76.4769,29.3600,6.8276,5.4623
199.6440,100.6632,57.5905,9.5682,4.8660,1.4626,177.7843,79.0842,16.3400,1.3075,3.2680
199.7964,99.7210,57.3660,9.4288,4.7850,1.4770,231.0287,72.4551,17.7725,4.1010,3.4180
199.9488,101.7302,59.3291,9.7381,4.7902,1.5302,202.9368,82.6771,23.9154,2.7336,6.1492
200.1012,100.9602,61.8645,10.0348,4.4167,1.6192,191.8124,70.9903,24.5727,6.1433,2.7305
200.2536,103.3962,65.2307,10.5747,4.3117,1.7085,220.5530,75.7953,19.1195,6.1454,4.0973
200.4060,104.0132,67.9502,10.9553,4.0741,1.7917,219.9433,88.1123,21.8581,6.1473,6.8308
200.5584,101.6304,67.7736,10.9269,3.8249,1.7870,203.2678,67.9746,23.5292,3.9218,8.4962
200.7108,97.9987,66.9830,10.8520,3.5039,1.7558,201.6416,74.5044,21.8725,6.1516,4.1013
200.8632,97.5681,68.6671,11.2259,3.2650,1.7800,210.8480,74.3782,19.1063,4.7767,5.4584
201.0156,97.4970,71.0090,11.8192,2.9924,1.7991,198.0208,81.2558,20.4851,6.1452,1.3660
201.1680,95.7745,71.1912,12.0294,2.7772,1.7681,205.8808,75.9239,22.5715,4.1039,4.1040
201.3204,93.0122,70.1328,11.9857,2.5847,1.7151,192.8095,79.7368,19.6078,3.2677,4.5757
201.4728,90.1264,66.6954,11.4751,2.6471,1.6159,185.1093,65.5743,19.1253,0.6835,8.8793
201.6252,89.8632,65.8997,11.3579,2.7072,1.5927,185.6022,69.6020,16.3779,4.0939,4.7763
201.7776,93.3556,67.6278,11.6258,2.9065,1.6404,185.7924,79.2361,26.6406,2.0489,2.7320
201.9300,95.8146,69.9244,11.8371,2.9249,1.7323,217.9697,75.8444,12.9837,2.7335,4.1000
202.0824,98.9588,71.4383,11.8863,3.1091,1.8108,210.4576,66.0158,22.2219,5.2286,5.8823
202.2348,97.0859,69.5752,11.4033,3.1080,1.7978,211.2087,88.1726,19.8220,4.1013,5.4681
202.3872,97.9032,68.4494,11.1661,3.3275,1.7791,201.9788,68.9194,17.7421,5.4588,4.7769
202.5396,94.8741,66.7502,10.8343,3.1772,1.7457,201.6394,76.5555,23.2389,4.7845,7.5189
202.6920,94.1469,66.5984,10.8216,3.1122,1.7394,192.6883,80.6281,15.0327,3.4165,8.1990
202.8444,92.5972,67.6883,10.9901,2.8140,1.7696,188.9524,76.4952,16.9992,3.9227,3.9230
202.9968,93.2422,66.9430,10.9038,2.9711,1.7432,203.6209,73.1127,18.4493,2.7336,5.4659
203.1492,93.2461,65.7746,10.5841,3.1035,1.7384,198.9071,75.8701,21.1888,6.1513,2.0506
203.3016,94.2555,65.0554,10.4880,3.2988,1.7155,204.7080,64.1429,17.0603,2.7299,2.0474
203.4540,94.5618,65.7920,10.6252,3.2502,1.7312,202.1180,72.3800,27.3120,6.8277,4.7794
203.6064,95.8605,66.9055,10.9170,3.2711,1.7384,211.8918,75.1872,18.4559,2.0509,1.3676
203.7588,95.2695,65.0725,10.5600,3.4114,1.7023,198.9746,69.0604,23.9310,4.7862,5.4700
203.9112,94.8053,64.9758,10.4220,3.3699,1.7239,201.0931,73.8725,19.1518,3.4204,4.7876
204.0636,92.3886,62.7763,9.9346,3.3454,1.6921,190.5088,82.6190,18.4367,6.8279,2.0486
204.2160,91.2468,62.5064,9.7353,3.2469,1.7158,191.2559,57.3796,21.8577,4.0983,2.7327
204.3684,91.7590,62.6716,9.6152,3.2861,1.7492,183.8083,78.5787,19.8158,3.4164,6.8327
204.5208,95.7232,65.7667,9.9256,3.3843,1.8681,203.2860,78.0289,21.9027,2.7382,4.7912
204.6732,95.7762,67.5293,10.1523,3.1911,1.9259,208.4033,79.2611,21.1823,5.4658,4.7829
204.8256,94.3452,68.4932,10.3179,2.9206,1.9493,198.7712,71.7211,23.2232,1.3663,3.4156
204.9780,92.6179,69.8128,10.6328,2.5764,1.9639,204.8483,69.6479,16.3885,2.7318,5.4625
205.1304,91.3263,70.6237,10.8146,2.3388,1.9752,206.4232,66.3028,21.8724,6.8347,4.7848
205.2828,93.0201,71.7098,11.0486,2.4075,1.9922,190.6406,71.7470,17.7662,2.0505,5.4658
205.4352,92.9380,69.6603,10.7707,2.6297,1.9278,204.3723,81.3390,22.5573,6.8350,0.6844
205.5876,91.5534,67.7677,10.5161,2.6871,1.8679,185.7290,75.1100,30.0428,4.7795,8.1934
205.7400,89.6800,66.4700,10.2785,2.6221,1.8393,186.6036,66.9858,17.0893,2.7346,4.1014
205.8924,90.0850,68.8670,10.6232,2.3970,1.9107,192.8240,68.3766,26.6652,6.8369,6.1536
206.0448,92.4981,70.8757,10.9448,2.4427,1.9641,221.4229,72.3757,15.0494,0.7168,4.2995
206.1972,92.3460,70.8379,10.9347,2.4298,1.9639,195.9952,74.3907,23.6048,2.1464,4.2920
206.3496,89.7019,67.1545,10.4532,2.5472,1.8446,203.4517,63.8136,21.0212,6.0057,5.2553
206.5020,91.9685,66.3275,10.3487,2.8967,1.8171,188.9105,62.2562,22.8979,3.5779,5.7246
206.6544,89.3687,61.9347,9.6646,3.0993,1.6965,202.7191,80.2269,22.2064,4.2979,6.4465
206.8068,94.3698,63.1485,9.7172,3.5272,1.7568,178.3082,60.8678,22.9143,3.5809,2.1485
206.9592,92.4829,62.0757,9.5167,3.4352,1.7339,221.7441,72.2454,22.1737,7.8680,4.2915
207.1116,95.3831,63.2096,9.7928,3.6347,1.7454,211.8070,66.5465,15.0271,5.0089,1.4315
207.2640,90.8930,60.2482,9.4433,3.4620,1.6420,213.2348,59.3929,17.1745,4.2933,4.2931
207.4164,86.7793,56.1809,8.8137,3.4568,1.5296,187.6772,68.7671,25.0706,3.5814,2.1497
207.5688,86.9043,55.2394,8.5892,3.5773,1.5192,172.5770,62.3002,16.4701,1.4325,7.8764
207.7212,87.9317,54.7122,8.5317,3.7529,1.4998,194.5899,75.1312,19.5346,4.5080,4.5077
207.8736,91.4481,55.3920,8.6821,4.0734,1.5097,189.6928,73.0133,22.9054,5.0107,2.8634
208.0260,93.8321,55.8997,8.8370,4.2853,1.5086,194.6347,70.1264,16.4587,5.0091,3.5777
208.1784,94.9436,54.7856,8.6135,4.5368,1.4879,206.0086,80.1131,22.8898,6.4376,2.8611
208.3308,95.9763,54.4252,8.6129,4.6941,1.4670,206.0829,69.4089,22.1821,5.0088,1.4314
208.4832,93.3535,53.4046,8.4822,4.5131,1.4335,211.0143,62.9481,19.3130,3.5767,3.5767
208.6356,93.4788,56.7574,9.0634,4.1485,1.5138,199.0991,71.3760,16.5287,4.5079,4.5080
208.7880,91.7351,58.7202,9.2874,3.7298,1.5839,204.7958,80.1997,14.3220,4.2961,5.0124
208.9404,90.3927,60.3327,9.5345,3.3960,1.6289,188.9759,73.7289,17.8959,1.4320,4.2949
209.0928,90.3051,59.0578,9.2955,3.5301,1.6019,185.2385,69.7205,21.1888,4.1010,4.1008
209.2452,92.9665,59.9869,9.3923,3.7258,1.6369,207.4373,75.8236,16.4529,2.8614,1.4313
209.3976,93.1424,59.2783,9.2551,3.8257,1.6227,191.6339,84.3749,23.5954,4.2902,7.1500
209.5500,93.3653,61.7922,9.6500,3.5669,1.6911,191.8422,74.4455,12.8853,3.5789,2.8635
209.7024,87.0466,60.3208,9.4544,3.0193,1.6441,212.4272,76.5009,17.7592,2.0493,4.7811
209.8548,86.2569,63.4056,9.9479,2.5816,1.7262,175.2527,61.5167,15.0218,2.8614,2.1462
210.0072,81.7348,61.8467,9.7754,2.2468,1.6695,194.1198,63.5685,17.7714,4.1010,4.7847
210.1596,84.6376,64.2735,10.2342,2.3006,1.7201,178.3152,67.2773,15.0232,2.6125,5.2254
210.3120,85.2104,63.1218,10.0882,2.4954,1.6819,181.8199,75.1869,17.7716,1.3672,5.4679
210.4644,86.3572,62.7346,10.0420,2.6687,1.6685,195.9485,66.6235,16.9828,2.6127,3.2660
210.6168,87.1284,63.0578,10.1710,2.7193,1.6618,181.0465,69.2817,20.2614,2.6145,4.5750
210.7692,87.4369,64.3029,10.5018,2.6135,1.6689,187.5170,74.7045,19.5535,4.0108,3.0083
210.9216,89.3270,65.2370,10.7383,2.7215,1.6766,198.6758,66.6674,17.6596,1.7662,3.5322
211.0740,91.4120,66.2150,10.8993,2.8466,1.7017,200.9032,72.5468,14.1669,3.4342,5.1514
211.2264,92.1746,64.7992,10.6212,3.0927,1.6742,214.8202,64.4480,20.6227,3.4371,6.0148
211.3788,92.0580,65.4536,10.7144,3.0056,1.6939,193.6861,74.2970,18.4672,2.5769,3.8654
211.5312,89.5007,64.3984,10.5754,2.8359,1.6599,186.7355,75.9807,21.4636,3.8638,6.0096
211.6836,88.4717,65.9174,10.8652,2.5480,1.6911,187.5943,65.2505,19.7464,6.0097,3.4342
211.8360,88.1748,66.6154,10.9579,2.4356,1.7134,191.1121,69.1420,17.1783,4.7243,3.4357
211.9884,87.4718,65.8542,10.8906,2.4422,1.6824,207.0084,59.2664,15.8600,6.6773,3.7563
212.1408,89.5871,64.9129,10.7817,2.7875,1.6491,180.0236,67.4543,18.0456,3.0077,3.8672
212.2932,89.2072,63.6890,10.7025,2.8829,1.5935,197.4657,67.3968,22.3221,4.2928,7.2975
212.4456,91.1456,64.7892,10.9611,2.9776,1.6064,184.1874,70.2303,19.8766,4.8589,5.2999
212.5980,90.1152,65.2350,11.0651,2.8108,1.6119,185.0594,75.1388,21.8975,6.8695,1.7177
212.7504,90.1775,64.7243,10.9274,2.8755,1.6093,196.8182,68.7583,19.3385,3.4382,3.8676
212.9028,90.6639,64.3627,10.8132,2.9713,1.6109,182.8342,70.8150,21.8884,5.5792,3.8629
213.0552,92.0145,63.5560,10.7131,3.2150,1.5837,196.0958,67.3680,21.8836,3.8618,5.5784
213.2076,94.2150,64.0748,10.8783,3.4050,1.5812,200.2159,71.3205,20.6228,3.4372,7.3041
213.3600,95.7375,64.7586,10.9634,3.4998,1.6042,209.0572,65.6801,18.8892,3.4343,8.1557
213.5124,95.3744,65.5228,10.9476,3.3724,1.6518,204.9223,72.2055,27.1274,4.1738,3.7565
213.6648,95.5758,66.2190,10.9661,3.3165,1.6887,183.9107,87.0891,17.6840,5.7472,5.7466
213.8172,91.7277,61.8708,10.2003,3.3730,1.5869,205.7089,70.8593,21.9024,6.4417,1.2890
213.9696,89.7838,58.4165,9.5883,3.5437,1.5067,181.6633,56.6894,20.6138,4.2945,6.0123
214.1220,84.8741,54.3944,8.8676,3.4434,1.4149,191.8850,61.3860,18.0295,3.0051,5.1512
214.2744,87.7160,57.3765,9.3486,3.4275,1.4935,178.2296,57.1194,17.1790,4.2945,3.8650
214.4268,87.1049,58.3381,9.5322,3.2499,1.5132,205.2791,66.1377,21.9021,3.4357,2.5771
214.5792,90.6939,61.1851,10.0116,3.3337,1.5843,178.2287,72.1489,18.4669,3.8656,5.1534
214.7316,88.8658,60.0760,9.7812,3.2525,1.5652,197.9664,68.0512,19.0013,7.5119,4.4187
214.8840,88.7532,58.9034,9.5087,3.3722,1.5508,190.2516,67.4239,18.8964,5.1532,3.0062
215.0364,88.1522,56.9654,9.1055,3.5233,1.5176,193.2561,55.4031,20.1848,2.5771,3.0063
215.1888,87.0450,55.2433,8.6951,3.5927,1.4985,182.0128,76.8397,21.4634,5.1513,3.8635
215.3412,89.4993,58.1579,9.1186,3.5407,1.5845,177.7998,70.4327,18.0372,5.1534,3.8649
215.4936,89.6076,59.6402,9.3288,3.3855,1.6292,201.7602,78.9856,16.7420,4.2925,2.1465
215.6460,90.5833,60.4458,9.5376,3.4047,1.6349,202.9160,68.5229,18.1259,2.2108,3.0948
215.7984,88.3777,58.4882,9.2417,3.3767,1.5794,188.1030,63.9902,21.0436,5.5829,4.2948
215.9508,87.7539,57.9831,9.2047,3.3633,1.5573,180.7277,67.8253,21.0341,4.7218,5.5803
216.1032,87.5832,57.8488,9.2127,3.3592,1.5479,198.7532,64.8214,17.6006,3.0049,3.0053
216.2556,85.3370,56.5286,9.0270,3.2546,1.5077,183.3782,69.5716,19.3254,3.0060,5.5829
216.4080,80.1550,53.3753,8.5620,3.0254,1.4160,169.9912,60.5271,16.3127,1.2881,5.1511
216.5604,71.9493,48.7329,7.8986,2.6228,1.2768,151.0513,53.4104,17.5257,3.7558,3.3380
216.7128,62.3503,42.6499,7.0196,2.2256,1.0962,132.2705,42.9457,14.6012,1.7178,0.8591
216.8652,56.8921,39.5203,6.5659,1.9625,1.0037,103.4580,39.4935,10.7318,1.7172,2.1465
217.0176,53.3435,38.3274,6.3521,1.6964,0.9765,122.7716,39.4929,9.8736,2.1465,3.0051
217.1700,53.7379,39.9083,6.6117,1.5624,1.0172,109.9420,34.7870,11.5951,3.0062,4.2944
217.3224,55.0857,42.1218,6.9701,1.4646,1.0753,109.4427,40.1006,8.7724,2.9238,2.5064
217.4748,57.0797,44.0770,7.3111,1.4690,1.1217,129.5860,43.3376,12.8726,1.2874,3.4326
217.6272,68.2756,53.8641,8.9347,1.6281,1.3708,129.8605,37.1637,11.6916,2.0881,2.0878
217.7796,76.4284,60.1688,10.0050,1.8369,1.5264,183.9658,61.0373,16.3336,5.1578,3.4388
217.9320,84.8196,66.2754,11.0128,2.0950,1.6828,171.4646,72.5896,17.1046,3.7549,5.0063
218.0844,83.9856,64.6408,10.6899,2.1854,1.6514,173.6225,63.0222,16.2772,5.4255,5.0083
218.2368,80.5012,61.7642,10.2392,2.1168,1.5730,171.4980,66.7633,16.6905,3.3380,4.5899
218.3892,75.3362,57.9397,9.5909,1.9653,1.4784,154.4227,60.9331,12.9382,1.6697,3.3389
218.5416,72.8366,55.4957,9.2218,1.9590,1.4090,143.2170,45.9296,12.5266,3.3403,3.7577
218.6940,73.5100,54.9509,9.0196,2.0967,1.4173,159.4314,50.9194,16.2773,3.3387,2.5044
218.8464,78.3457,57.4053,9.4400,2.3657,1.4771,151.4402,60.9095,17.5223,1.6692,4.5891
218.9988,82.6309,59.4379,9.7499,2.6202,1.5342,159.1584,61.3078,21.1119,5.2780,4.4661
219.1512,85.6461,61.7828,10.1604,2.6959,1.5896,183.2202,65.0011,16.2509,4.0624,4.8752
219.3036,84.3503,61.5487,10.0296,2.5760,1.6019,171.7757,65.3801,21.9280,2.4367,5.6850
219.4560,82.8685,61.2157,9.9096,2.4462,1.6062,163.6702,60.0910,14.6280,3.9532,3.1628
219.6084,80.6234,60.2827,9.6555,2.2979,1.6021,175.8350,60.5079,19.4928,2.8426,4.0609
219.7608,83.3063,62.6487,9.9468,2.3337,1.6823,154.6709,62.4998,22.5470,2.7693,3.9557
219.9132,83.0045,62.4829,9.8529,2.3184,1.6912,180.9903,60.4634,18.9687,5.5321,4.3467
220.0656,83.5316,61.7644,9.6742,2.4591,1.6847,168.1174,69.2235,19.7779,1.9780,1.9781
220.2180,80.1676,58.7881,9.1779,2.4153,1.6094,170.9527,59.7539,15.0375,3.1658,3.9570
220.3704,78.9500,57.1024,8.9003,2.4682,1.5662,162.8804,53.9085,14.6322,3.0809,1.9257
220.5228,78.3233,54.9999,8.6080,2.6349,1.5015,163.7758,55.1062,14.2589,6.9359,5.0094
220.6752,79.8068,52.3459,8.2059,3.1023,1.4264,158.4124,56.6585,20.0421,2.3126,3.4690
220.8276,80.3317,47.2151,7.4412,3.7413,1.2788,161.1878,57.8620,17.6589,2.6301,4.5085
220.9800,80.2774,42.5452,6.7297,4.2627,1.1475,165.2268,56.7025,15.3960,3.0041,2.2533
221.1324,78.0421,36.7589,5.9037,4.6639,0.9737,162.0811,53.1718,13.9348,2.9336,3.6671
221.2848,74.2272,31.1675,5.1286,4.8646,0.8013,147.7263,52.0525,14.6629,2.9326,4.3986
221.4372,71.0219,26.3056,4.4401,5.0517,0.6543,139.4132,49.6163,16.0723,3.1446,2.7952
221.5896,68.2991,22.2510,3.9387,5.2022,0.5173,141.0278,54.6348,13.3173,3.0733,2.7316
221.7420,65.5636,19.1124,3.4974,5.2477,0.4217,140.7087,48.9286,12.7920,3.5175,1.2794
221.8944,62.8003,16.1260,3.1438,5.2729,0.3177,130.2059,47.9709,14.4963,1.5815,3.4264
222.0468,67.2179,17.1422,3.1558,5.6572,0.3745,132.7257,51.1985,12.2172,2.2468,3.0192
222.1992,70.0470,18.0744,3.2490,5.8715,0.4104,179.1045,104.4776,0.0000,0.0000,0.0000
222.3516,79.1693,21.9368,3.6140,6.4657,0.5632,179.1045,104.4776,0.0000,0.0000,0.0000
222.5040,-999.2500,-999.2500,-999.2500,-999.2500,-999.2500,179.1045,104.4776,0.0000,0.0000,0.0000
222.6564,-999.2500,-999.2500,-999.2500,-999.2500,-999.2500,179.1045,104.4776,0.0000,0.0000,0.0000
222.8088,-999.2500,-999.2500,-999.2500,-999.2500,-999.2500,179.1045,104.4776,0.0000,0.0000,0.0000
222.9612,-999.2500,-999.2500,-999.2500,-999.2500,-999.2500,179.1045,104.4776,0.0000,0.0000,0.0000
223.1136,-999.2500,-999.2500,-999.2500,-999.2500,-999.2500,179.1045,104.4776,0.0000,0.0000,0.0000
223.2660,-999.2500,-999.2500,-999.2500,-999.2500,-999.2500,179.1045,104.4776,0.0000,0.0000,0.0000
223.4184,-999.2500,-999.2500,-999.2500,-999.2500,-999.2500,179.1045,104.4776,0.0000,0.0000,0.0000
223.5708,-999.2500,-999.2500,-999.2500,-999.2500,-999.2500,179.1045,104.4776,0.0000,0.0000,0.0000
223.7232,-999.2500,-999.2500,-999.2500,-999.2500,-999.2500,179.1045,104.4776,0.0000,0.0000,0.0000
223.8756,-999.2500,-999.2500,-999.2500,-999.2500,-999.2500,179.1045,104.4776,0.0000,0.0000,0.0000
224.0280,-999.2500,-999.2500,-999.2500,-999.2500,-999.2500,179.1045,104.4776,0.0000,0.0000,0.0000
224.1804,-999.2500,-999.2500,-999.2500,-999.2500,-999.2500,179.1045,104.4776,0.0000,0.0000,0.0000
224.3328,-999.2500,-999.2500,-999.2500,-999.2500,-999.2500,179.1045,104.4776,0.0000,0.0000,0.0000
224.4852,-999.2500,-999.2500,-999.2500,-999.2500,-999.2500,179.1045,104.4776,0.0000,0.0000,0.0000
224.6376,-999.2500,-999.2500,-999.2500,-999.2500,-999.2500,179.1045,104.4776,0.0000,0.0000,0.0000
224.7900,-999.2500,-999.2500,-999.2500,-999.2500,-999.2500,179.1045,104.4776,0.0000,0.0000,0.0000
224.9424,-999.2500,-999.2500,-999.2500,-999.2500,-999.2500,179.1045,104.4776,0.0000,0.0000,0.0000
225.0948,-999.2500,-999.2500,-999.2500,-999.2500,-999.2500,179.1045,104.4776,0.0000,0.0000,0.0000
225.2472,-999.2500,-999.2500,-999.2500,-999.2500,-999.2500,179.1045,104.4776,0.0000,0.0000,0.0000
225.3996,-999.2500,-999.2500,-999.2500,-999.2500,-999.2500,179.1045,104.4776,0.0000,0.0000,0.0000
225.5520,-999.2500,-999.2500,-999.2500,-999.2500,-999.2500,179.1045,104.4776,0.0000,0.0000,0.0000
225.7044,-999.2500,-999.2500,-999.2500,-999.2500,-999.2500,179.1045,104.4776,0.0000,0.0000,0.0000
225.8568,-999.2500,-999.2500,-999.2500,-999.2500,-999.2500,179.1045,104.4776,0.0000,0.0000,0.0000
226.0092,-999.2500,-999.2500,-999.2500,-999.2500,-999.2500,179.1045,104.4776,0.0000,0.0000,0.0000
226.1616,-999.2500,-999.2500,-999.2500,-999.2500,-999.2500,179.1045,104.4776,0.0000,0.0000,0.0000
226.3140,-999.2500,-999.2500,-999.2500,-999.2500,-999.2500,179.1045,104.4776,0.0000,0.0000,0.0000
226.4664,-999.2500,-999.2500,-999.2500,-999.2500,-999.2500,179.1045,104.4776,0.0000,0.0000,0.0000
226.6188,-999.2500,-999.2500,-999.2500,-999.2500,-999.2500,179.1045,104.4776,0.0000,0.0000,0.0000
226.7712,-999.2500,-999.2500,-999.2500,-999.2500,-999.2500,179.1045,104.4776,0.0000,0.0000,0.0000
226.9236,-999.2500,-999.2500,-999.2500,-999.2500,-999.2500,179.1045,104.4776,0.0000,0.0000,0.0000
227.0760,-999.2500,-999.2500,-999.2500,-999.2500,-999.2500,179.1045,104.4776,0.0000,0.0000,0.0000
227.2284,-999.2500,-999.2500,-999.2500,-999.2500,-999.2500,179.1045,104.4776,0.0000,0.0000,0.0000
227.3808,-999.2500,-999.2500,-999.2500,-999.2500,-999.2500,179.1045,104.4776,0.0000,0.0000,0.0000
227.5332,-999.2500,-999.2500,-999.2500,-999.2500,-999.2500,179.1045,104.4776,0.0000,0.0000,0.0000
227.6856,-999.2500,-999.2500,-999.2500,-999.2500,-999.2500,179.1045,104.4776,0.0000,0.0000,0.0000
227.8380,-999.2500,-999.2500,-999.2500,-999.2500,-999.2500,179.1045,104.4776,0.0000,0.0000,0.0000
227.9904,-999.2500,-999.2500,-999.2500,-999.2500,-999.2500,179.1045,104.4776,0.0000,0.0000,0.0000
228.1428,-999.2500,-999.2500,-999.2500,-999.2500,-999.2500,179.1045,104.4776,0.0000,0.0000,0.0000
228.2952,-999.2500,-999.2500,-999.2500,-999.2500,-999.2500,179.1045,104.4776,0.0000,0.0000,0.0000
228.4476,-999.2500,-999.2500,-999.2500,-999.2500,-999.2500,179.1045,104.4776,0.0000,0.0000,0.0000
228.6000,-999.2500,-999.2500,-999.2500,-999.2500,-999.2500,179.1045,104.4776,0.0000,0.0000,0.0000
228.7524,-999.2500,-999.2500,-999.2500,-999.2500,-999.2500,179.1045,104.4776,0.0000,0.0000,0.0000
228.9048,-999.2500,-999.2500,-999.2500,-999.2500,-999.2500,179.1045,104.4776,0.0000,0.0000,0.0000
229.0572,-999.2500,-999.2500,-999.2500,-999.2500,-999.2500,179.1045,104.4776,0.0000,0.0000,0.0000
229.2096,-999.2500,-999.2500,-999.2500,-999.2500,-999.2500,179.1045,104.4776,0.0000,0.0000,0.0000
229.3620,-999.2500,-999.2500,-999.2500,-999.2500,-999.2500,179.1045,104.4776,0.0000,0.0000,0.0000
229.5144,-999.2500,-999.2500,-999.2500,-999.2500,-999.2500,179.1045,104.4776,0.0000,0.0000,0.0000
229.6668,-999.2500,-999.2500,-999.2500,-999.2500,-999.2500,179.1045,104.4776,0.0000,0.0000,0.0000
229.8192,-999.2500,-999.2500,-999.2500,-999.2500,-999.2500,179.1045,104.4776,0.0000,0.0000,0.0000
229.9716,-999.2500,-999.2500,-999.2500,-999.2500,-999.2500,179.1045,104.4776,0.0000,0.0000,0.0000
230.1240,-999.2500,-999.2500,-999.2500,-999.2500,-999.2500,179.1045,104.4776,0.0000,0.0000,0.0000
230.2764,-999.2500,-999.2500,-999.2500,-999.2500,-999.2500,179.1045,104.4776,0.0000,0.0000,0.0000
230.4288,-999.2500,-999.2500,-999.2500,-999.2500,-999.2500,179.1045,104.4776,0.0000,0.0000,0.0000
230.5812,-999.2500,-999.2500,-999.2500,-999.2500,-999.2500,179.1045,104.4776,0.0000,0.0000,0.0000
230.7336,-999.2500,-999.2500,-999.2500,-999.2500,-999.2500,179.1045,104.4776,0.0000,0.0000,0.0000
230.8860,-999.2500,-999.2500,-999.2500,-999.2500,-999.2500,179.1045,104.4776,0.0000,0.0000,0.0000
231.0384,-999.2500,-999.2500,-999.2500,-999.2500,-999.2500,179.1045,104.4776,0.0000,0.0000,0.0000
231.1908,-999.2500,-999.2500,-999.2500,-999.2500,-999.2500,179.1045,104.4776,0.0000,0.0000,0.0000
231.3432,-999.2500,-999.2500,-999.2500,-999.2500,-999.2500,179.1045,104.4776,0.0000,0.0000,0.0000
231.4956,-999.2500,-999.2500,-999.2500,-999.2500,-999.2500,179.1045,104.4776,0.0000,0.0000,0.0000
231.6480,-999.2500,-999.2500,-999.2500,-999.2500,-999.2500,179.1045,104.4776,0.0000,0.0000,0.0000
231.8004,-999.2500,-999.2500,-999.2500,-999.2500,-999.2500,179.1045,104.4776,0.0000,0.0000,0.0000
231.9528,-999.2500,-999.2500,-999.2500,-999.2500,-999.2500,-999.2500,-999.2500,-999.2500,-999.2500,-999.2500

